isReIntervention,app,interventionType,interventionDuration,resolution,timezone,timestamp
False,instagram,breathingExercise,1.5,dismissedAppOpening,Europe/Lisbon,1752743243.2348552
False,instagram,breathingExercise,1.5,openedApp,Europe/Lisbon,1752745045.226025
False,instagram,breathingExercise,1.5,dismissedAppOpening,Europe/Lisbon,1752745149.167132
False,instagram,breathingExercise,1.5,dismissedAppOpening,Europe/Lisbon,1752745525.42379
False,instagram,breathingExercise,1.5,dismissedAppOpening,Europe/Lisbon,1752747511.039954
False,instagram,breathingExercise,1.5,openedApp,Europe/Lisbon,1752753089.510802
False,instagram,breathingExercise,1.5,openedApp,Europe/Lisbon,1752753147.4185948
False,instagram,breathingExercise,1.5,dismissedAppOpening,Europe/Lisbon,1752753859.525979
False,instagram,breathingExercise,1.5,openedApp,Europe/Lisbon,1752754074.3908138
False,instagram,breathingExercise,1.5,openedApp,Europe/Lisbon,1752758450.012768
False,instagram,breathingExercise,1.5,dismissedAppOpening,Europe/Lisbon,1752759351.5726829
False,instagram,breathingExercise,1.5,dismissedAppOpening,Europe/Lisbon,1752764187.612133
False,instagram,breathingExercise,1.5,dismissedAppOpening,Europe/Lisbon,1752765034.2645578
False,instagram,breathingExercise,1.5,openedApp,Europe/Lisbon,1752765044.840107
False,instagram,breathingExercise,1.5,dismissedAppOpening,Europe/Lisbon,1752767503.351351
False,instagram,breathingExercise,1.5,dismissedAppOpening,Europe/Lisbon,1752767668.143272
False,instagram,breathingExercise,1.5,dismissedAppOpening,Europe/Lisbon,1752771864.944823
False,instagram,breathingExercise,1.5,openedApp,Europe/Lisbon,1752771872.9649382
False,instagram,breathingExercise,1.5,dismissedAppOpening,Europe/Lisbon,1752772030.809639
False,instagram,breathingExercise,1.5,openedApp,Europe/Lisbon,1752776472.523555
False,instagram,breathingExercise,1.5,dismissedAppOpening,Europe/Lisbon,1752777349.762418
False,instagram,breathingExercise,1.5,openedApp,Europe/Lisbon,1752777735.9848719
False,instagram,breathingExercise,1.5,dismissedAppOpening,Europe/Lisbon,1752778668.564015
False,instagram,breathingExercise,1.5,dismissedAppOpening,Europe/Lisbon,1752778689.635065
False,instagram,breathingExercise,1.5,dismissedAppOpening,Europe/Lisbon,1752778760.069485
False,instagram,breathingExercise,1.5,dismissedAppOpening,Europe/Lisbon,1752778777.994145
False,instagram,breathingExercise,1.5,dismissedAppOpening,Europe/Lisbon,1752778793.533144
False,instagram,breathingExercise,1.5,openedApp,Europe/Lisbon,1752778803.20369
False,instagram,breathingExercise,1.5,dismissedAppOpening,Europe/Lisbon,1752779458.667481
False,instagram,breathingExercise,1.5,openedApp,Europe/Lisbon,1752779467.4712029
False,instagram,breathingExercise,1.5,openedApp,Europe/Lisbon,1752783519.792491
False,instagram,breathingExercise,1.5,dismissedAppOpening,Europe/Lisbon,1752784660.651556
False,instagram,breathingExercise,1.5,openedApp,Europe/Lisbon,1752784760.358234
False,instagram,breathingExercise,1.5,dismissedAppOpening,Europe/Lisbon,1752785466.883568
False,instagram,breathingExercise,1.5,dismissedAppOpening,Europe/Lisbon,1752787208.2947788
False,instagram,breathingExercise,1.5,dismissedAppOpening,Europe/Lisbon,1752787212.0840821
False,instagram,breathingExercise,1.5,dismissedAppOpening,Europe/Lisbon,1752787881.973968
False,instagram,breathingExercise,1.5,openedApp,Europe/Lisbon,1752791670.217915
False,instagram,breathingExercise,1.5,dismissedAppOpening,Europe/Lisbon,1752792762.906151
False,instagram,breathingExercise,1.5,dismissedAppOpening,Europe/Lisbon,1752792765.560299
False,instagram,breathingExercise,1.5,dismissedAppOpening,Europe/Lisbon,1752792768.960067
False,instagram,breathingExercise,1.5,dismissedAppOpening,Europe/Lisbon,1752792772.58735
False,instagram,breathingExercise,1.5,dismissedAppOpening,Europe/Lisbon,1752792776.228277
False,instagram,breathingExercise,1.5,dismissedAppOpening,Europe/Lisbon,1752792780.2968879
False,instagram,breathingExercise,1.5,dismissedAppOpening,Europe/Lisbon,1752792782.861237
False,instagram,breathingExercise,1.5,dismissedAppOpening,Europe/Lisbon,1752793324.835135
False,instagram,breathingExercise,1.5,dismissedAppOpening,Europe/Lisbon,1752796331.8307629
False,instagram,breathingExercise,1.5,dismissedAppOpening,Europe/Lisbon,1752796927.1350331
False,instagram,breathingExercise,1.5,dismissedAppOpening,Europe/Lisbon,1752797361.7783298
False,instagram,breathingExercise,1.5,dismissedAppOpening,Europe/Lisbon,1752798497.3332028
False,instagram,breathingExercise,1.5,dismissedAppOpening,Europe/Lisbon,1752798501.8388119
False,instagram,breathingExercise,1.5,dismissedAppOpening,Europe/Lisbon,1752828890.111002
False,instagram,breathingExercise,1.5,openedApp,Europe/Lisbon,1752832210.996603
False,instagram,breathingExercise,1.5,dismissedAppOpening,Europe/Lisbon,1752836426.468272
False,instagram,breathingExercise,1.5,dismissedAppOpening,Europe/Lisbon,1752836600.2810268
False,instagram,breathingExercise,1.5,openedApp,Europe/Lisbon,1752838022.887341
False,instagram,breathingExercise,1.5,dismissedAppOpening,Europe/Lisbon,1752839106.3432078
False,instagram,breathingExercise,1.5,dismissedAppOpening,Europe/Lisbon,1752839694.4875321
False,instagram,breathingExercise,1.5,openedApp,Europe/Lisbon,1752841444.826514
False,instagram,breathingExercise,1.5,openedApp,Europe/Lisbon,1752841724.375673
False,instagram,breathingExercise,1.5,openedApp,Europe/Lisbon,1752845637.735476
False,instagram,breathingExercise,1.5,openedApp,Europe/Lisbon,1752845762.619174
False,instagram,breathingExercise,1.5,openedApp,Europe/Lisbon,1752845845.3615952
False,instagram,breathingExercise,1.5,openedApp,Europe/Lisbon,1752850803.687028
False,instagram,breathingExercise,1.5,openedApp,Europe/Lisbon,1752854934.05076
False,instagram,breathingExercise,1.5,dismissedAppOpening,Europe/Lisbon,1752856031.5098429
False,instagram,breathingExercise,1.5,openedApp,Europe/Lisbon,1752856038.2895079
False,instagram,breathingExercise,1.5,dismissedAppOpening,Europe/Lisbon,1752857473.239404
False,instagram,breathingExercise,1.5,dismissedAppOpening,Europe/Lisbon,1752857977.98048
False,instagram,breathingExercise,1.5,openedApp,Europe/Lisbon,1752858559.3959699
False,instagram,breathingExercise,1.5,dismissedAppOpening,Europe/Lisbon,1752860277.8016062
False,instagram,breathingExercise,1.5,openedApp,Europe/Lisbon,1752860366.9301739
False,instagram,breathingExercise,1.5,dismissedAppOpening,Europe/Lisbon,1752860900.1108131
False,instagram,breathingExercise,1.5,dismissedAppOpening,Europe/Lisbon,1752861409.777466
False,instagram,breathingExercise,1.5,dismissedAppOpening,Europe/Lisbon,1752861889.843148
False,instagram,breathingExercise,1.5,openedApp,Europe/Lisbon,1752862166.869704
False,instagram,breathingExercise,1.5,openedApp,Europe/Lisbon,1752866115.7647839
False,instagram,breathingExercise,1.5,openedApp,Europe/Lisbon,1752866372.1608171
False,instagram,breathingExercise,1.5,dismissedAppOpening,Europe/Lisbon,1752867605.090111
False,instagram,breathingExercise,1.5,dismissedAppOpening,Europe/Lisbon,1752867699.786293
False,instagram,breathingExercise,1.5,openedApp,Europe/Lisbon,1752867766.2873049
False,instagram,breathingExercise,1.5,openedApp,Europe/Lisbon,1752868726.3816462
False,instagram,breathingExercise,1.5,dismissedAppOpening,Europe/Lisbon,1752868898.701919
False,instagram,breathingExercise,1.5,openedApp,Europe/Lisbon,1752869110.463544
False,instagram,breathingExercise,1.5,openedApp,Europe/Lisbon,1752869189.189873
False,instagram,breathingExercise,1.5,dismissedAppOpening,Europe/Lisbon,1752870707.006923
False,instagram,breathingExercise,1.5,dismissedAppOpening,Europe/Lisbon,1752870988.05743
False,instagram,breathingExercise,1.5,openedApp,Europe/Lisbon,1752872627.596664
False,instagram,breathingExercise,1.5,openedApp,Europe/Lisbon,1752874529.492639
False,instagram,breathingExercise,1.5,openedApp,Europe/Lisbon,1752874563.723012
False,instagram,breathingExercise,1.5,openedApp,Europe/Lisbon,1752897415.3023438
False,instagram,breathingExercise,1.5,openedApp,Europe/Lisbon,1752911447.236146
False,instagram,breathingExercise,1.5,dismissedAppOpening,Europe/Lisbon,1752913337.646807
False,instagram,breathingExercise,1.5,openedApp,Europe/Lisbon,1752915338.69976
False,instagram,breathingExercise,1.5,openedApp,Europe/Lisbon,1752915442.168971
False,instagram,breathingExercise,1.5,openedApp,Europe/Lisbon,1752919126.312378
False,instagram,breathingExercise,1.5,openedApp,Europe/Lisbon,1752920023.7927961
False,instagram,breathingExercise,1.5,dismissedAppOpening,Europe/Lisbon,1752921435.389608
False,instagram,breathingExercise,1.5,openedApp,Europe/Lisbon,1752921440.1889238
False,instagram,breathingExercise,1.5,openedApp,Europe/Lisbon,1752922297.191959
False,instagram,breathingExercise,1.5,openedApp,Europe/Lisbon,1752922462.554301
False,instagram,breathingExercise,1.5,openedApp,Europe/Lisbon,1752922969.466224
False,instagram,breathingExercise,1.5,dismissedAppOpening,Europe/Lisbon,1752923554.958538
False,instagram,breathingExercise,1.5,openedApp,Europe/Lisbon,1752923563.748612
False,instagram,breathingExercise,1.5,dismissedAppOpening,Europe/Lisbon,1752924321.0056381
False,instagram,breathingExercise,1.5,openedApp,Europe/Lisbon,1752924411.4330049
False,instagram,breathingExercise,1.5,openedApp,Europe/Lisbon,1752926851.147472
False,instagram,breathingExercise,1.5,openedApp,Europe/Lisbon,1752927075.464189
False,instagram,breathingExercise,1.5,openedApp,Europe/Lisbon,1752927235.797491
False,instagram,breathingExercise,1.5,openedApp,Europe/Lisbon,1752928190.654175
False,instagram,breathingExercise,1.5,openedApp,Europe/Lisbon,1752928552.89767
False,instagram,breathingExercise,1.5,openedApp,Europe/Lisbon,1752929228.646988
False,instagram,breathingExercise,1.5,openedApp,Europe/Lisbon,1752931718.049408
False,instagram,breathingExercise,1.5,dismissedAppOpening,Europe/Lisbon,1752931999.328289
False,instagram,breathingExercise,1.5,openedApp,Europe/Lisbon,1752932010.608139
False,instagram,breathingExercise,1.5,dismissedAppOpening,Europe/Lisbon,1752932116.14628
False,instagram,breathingExercise,1.5,openedApp,Europe/Lisbon,1752932188.250212
False,instagram,breathingExercise,1.5,openedApp,Europe/Lisbon,1752932432.2516441
False,instagram,breathingExercise,1.5,openedApp,Europe/Lisbon,1752933926.369591
False,instagram,breathingExercise,1.5,openedApp,Europe/Lisbon,1752936409.2480578
False,instagram,breathingExercise,1.5,dismissedAppOpening,Europe/Lisbon,1752937200.853252
False,instagram,breathingExercise,1.5,dismissedAppOpening,Europe/Lisbon,1752937209.723267
False,instagram,breathingExercise,1.5,openedApp,Europe/Lisbon,1752937651.228061
False,instagram,breathingExercise,1.5,dismissedAppOpening,Europe/Lisbon,1752937881.7955189
False,instagram,breathingExercise,1.5,openedApp,Europe/Lisbon,1752937889.622366
False,instagram,breathingExercise,1.5,openedApp,Europe/Lisbon,1752944821.268052
False,instagram,breathingExercise,1.5,dismissedAppOpening,Europe/Lisbon,1752947970.9790978
False,instagram,breathingExercise,1.5,openedApp,Europe/Lisbon,1752948302.173102
False,instagram,breathingExercise,1.5,openedApp,Europe/Lisbon,1752948740.7791162
False,instagram,breathingExercise,1.5,openedApp,Europe/Lisbon,1752948860.230092
False,instagram,breathingExercise,1.5,openedApp,Europe/Lisbon,1752951604.089058
False,instagram,breathingExercise,1.5,openedApp,Europe/Lisbon,1752951698.4927769
False,instagram,breathingExercise,1.5,dismissedAppOpening,Europe/Lisbon,1752952056.079541
False,instagram,breathingExercise,1.5,openedApp,Europe/Lisbon,1752952063.9151149
False,instagram,breathingExercise,1.5,openedApp,Europe/Lisbon,1752952108.77676
False,instagram,breathingExercise,1.5,openedApp,Europe/Lisbon,1752952154.986287
False,instagram,breathingExercise,1.5,openedApp,Europe/Lisbon,1752952255.6485581
False,instagram,breathingExercise,1.5,openedApp,Europe/Lisbon,1752952977.722643
False,instagram,breathingExercise,1.5,openedApp,Europe/Lisbon,1752953101.776338
False,instagram,breathingExercise,1.5,openedApp,Europe/Lisbon,1752953217.977538
False,instagram,breathingExercise,1.5,dismissedAppOpening,Europe/Lisbon,1752956728.955661
False,instagram,breathingExercise,1.5,openedApp,Europe/Lisbon,1752956888.212368
False,instagram,breathingExercise,1.5,openedApp,Europe/Lisbon,1752957466.580617
False,instagram,breathingExercise,1.5,openedApp,Europe/Lisbon,1752959472.46032
False,instagram,breathingExercise,1.5,openedApp,Europe/Lisbon,1752960651.543318
False,instagram,breathingExercise,1.5,openedApp,Europe/Lisbon,1752962723.103636
False,instagram,breathingExercise,1.5,openedApp,Europe/Lisbon,1752963862.59614
False,instagram,breathingExercise,1.5,dismissedAppOpening,Europe/Lisbon,1752964168.697788
False,instagram,breathingExercise,1.5,openedApp,Europe/Lisbon,1752964354.277493
False,instagram,breathingExercise,1.5,dismissedAppOpening,Europe/Lisbon,1752964517.3059921
False,instagram,breathingExercise,1.5,dismissedAppOpening,Europe/Lisbon,1752966547.6831388
False,instagram,breathingExercise,1.5,openedApp,Europe/Lisbon,1752966937.639793
False,instagram,breathingExercise,1.5,openedApp,Europe/Lisbon,1752967009.90973
False,instagram,breathingExercise,1.5,openedApp,Europe/Lisbon,1752967555.659782
False,instagram,breathingExercise,1.5,openedApp,Europe/Lisbon,1752968465.813221
False,instagram,breathingExercise,1.5,dismissedAppOpening,Europe/Lisbon,1752968899.814501
False,instagram,breathingExercise,1.5,dismissedAppOpening,Europe/Lisbon,1753008274.8521252
False,instagram,breathingExercise,1.5,dismissedAppOpening,Europe/Lisbon,1753008276.81347
False,instagram,breathingExercise,1.5,openedApp,Europe/Lisbon,1753008281.916247
False,instagram,breathingExercise,1.5,openedApp,Europe/Lisbon,1753013533.650642
False,instagram,breathingExercise,1.5,openedApp,Europe/Lisbon,1753014030.9929318
False,instagram,breathingExercise,1.5,openedApp,Europe/Lisbon,1753014253.097467
False,instagram,breathingExercise,1.5,openedApp,Europe/Lisbon,1753016900.351697
False,instagram,breathingExercise,1.5,openedApp,Europe/Lisbon,1753017533.284616
False,instagram,breathingExercise,1.5,openedApp,Europe/Lisbon,1753017736.21329
False,instagram,breathingExercise,1.5,openedApp,Europe/Lisbon,1753017944.938513
False,instagram,breathingExercise,1.5,dismissedAppOpening,Europe/Lisbon,1753018150.105322
False,instagram,breathingExercise,1.5,openedApp,Europe/Lisbon,1753018156.2118611
False,instagram,breathingExercise,1.5,openedApp,Europe/Lisbon,1753018495.8306289
False,instagram,breathingExercise,1.5,openedApp,Europe/Lisbon,1753018677.964363
False,instagram,breathingExercise,1.5,openedApp,Europe/Lisbon,1753018980.4084349
False,instagram,breathingExercise,1.5,openedApp,Europe/Lisbon,1753019485.6079102
False,instagram,breathingExercise,1.5,openedApp,Europe/Lisbon,1753019971.0936608
False,instagram,breathingExercise,1.5,openedApp,Europe/Lisbon,1753020125.521786
False,instagram,breathingExercise,1.5,openedApp,Europe/Lisbon,1753020476.535702
False,instagram,breathingExercise,1.5,openedApp,Europe/Lisbon,1753020899.652127
False,instagram,breathingExercise,1.5,openedApp,Europe/Lisbon,1753021095.533615
False,instagram,breathingExercise,1.5,openedApp,Europe/Lisbon,1753021775.922575
False,instagram,breathingExercise,1.5,dismissedAppOpening,Europe/Lisbon,1753023019.4933581
False,instagram,breathingExercise,1.5,openedApp,Europe/Lisbon,1753023035.727759
False,instagram,breathingExercise,1.5,openedApp,Europe/Lisbon,1753023277.653096
False,instagram,breathingExercise,1.5,openedApp,Europe/Lisbon,1753023828.004926
False,instagram,breathingExercise,1.5,openedApp,Europe/Lisbon,1753024079.7628012
False,instagram,breathingExercise,1.5,openedApp,Europe/Lisbon,1753025216.83634
False,instagram,breathingExercise,1.5,openedApp,Europe/Lisbon,1753029038.68638
False,instagram,breathingExercise,1.5,openedApp,Europe/Lisbon,1753029450.097487
False,instagram,breathingExercise,1.5,dismissedAppOpening,Europe/Lisbon,1753029504.996244
False,instagram,breathingExercise,1.5,openedApp,Europe/Lisbon,1753029634.8391662
False,instagram,breathingExercise,1.5,openedApp,Europe/Lisbon,1753029679.468941
False,instagram,breathingExercise,1.5,openedApp,Europe/Lisbon,1753030042.296503
False,instagram,breathingExercise,1.5,openedApp,Europe/Lisbon,1753030733.645557
False,instagram,breathingExercise,1.5,openedApp,Europe/Lisbon,1753037088.6080852
False,instagram,breathingExercise,1.5,openedApp,Europe/Lisbon,1753040177.325001
False,instagram,breathingExercise,1.5,openedApp,Europe/Lisbon,1753040659.711506
False,instagram,breathingExercise,1.5,openedApp,Europe/Lisbon,1753040927.559413
False,instagram,breathingExercise,1.5,openedApp,Europe/Lisbon,1753042048.520533
False,instagram,breathingExercise,1.5,openedApp,Europe/Lisbon,1753045864.7363071
False,instagram,breathingExercise,1.5,openedApp,Europe/Lisbon,1753046370.582357
False,instagram,breathingExercise,1.5,openedApp,Europe/Lisbon,1753047417.422412
False,instagram,breathingExercise,1.5,openedApp,Europe/Lisbon,1753047963.2806292
False,instagram,breathingExercise,1.5,openedApp,Europe/Lisbon,1753048568.825424
False,instagram,breathingExercise,1.5,openedApp,Europe/Lisbon,1753049166.791552
False,instagram,breathingExercise,1.5,dismissedAppOpening,Europe/Lisbon,1753054860.480644
False,instagram,breathingExercise,1.5,openedApp,Europe/Lisbon,1753085196.3604841
False,instagram,breathingExercise,1.5,openedApp,Europe/Lisbon,1753086188.0352821
False,instagram,breathingExercise,1.5,openedApp,Europe/Lisbon,1753091540.234581
False,instagram,breathingExercise,1.5,openedApp,Europe/Lisbon,1753094309.018024
False,instagram,breathingExercise,1.5,openedApp,Europe/Lisbon,1753095188.208022
False,instagram,breathingExercise,1.5,openedApp,Europe/Lisbon,1753095411.247715
False,instagram,breathingExercise,1.5,openedApp,Europe/Lisbon,1753100154.0711532
False,instagram,breathingExercise,1.5,openedApp,Europe/Lisbon,1753101046.5312638
False,instagram,breathingExercise,1.5,openedApp,Europe/Lisbon,1753102912.8741279
False,instagram,breathingExercise,1.5,openedApp,Europe/Lisbon,1753102949.6080132
False,instagram,breathingExercise,1.5,openedApp,Europe/Lisbon,1753106524.817121
False,instagram,breathingExercise,1.5,dismissedAppOpening,Europe/Lisbon,1753107644.648011
False,instagram,breathingExercise,1.5,openedApp,Europe/Lisbon,1753110599.041039
False,instagram,breathingExercise,1.5,dismissedAppOpening,Europe/Lisbon,1753111650.809118
False,instagram,breathingExercise,1.5,openedApp,Europe/Lisbon,1753111659.640967
False,instagram,breathingExercise,1.5,openedApp,Europe/Lisbon,1753115817.3537312
False,instagram,breathingExercise,1.5,openedApp,Europe/Lisbon,1753115854.3774738
False,instagram,breathingExercise,1.5,openedApp,Europe/Lisbon,1753116622.113257
False,instagram,breathingExercise,1.5,dismissedAppOpening,Europe/Lisbon,1753117408.553597
False,instagram,breathingExercise,1.5,openedApp,Europe/Lisbon,1753117418.987818
False,instagram,breathingExercise,1.5,openedApp,Europe/Lisbon,1753121194.4388518
False,instagram,breathingExercise,1.5,openedApp,Europe/Lisbon,1753123682.2012439
False,instagram,breathingExercise,1.5,openedApp,Europe/Lisbon,1753127289.610736
False,instagram,breathingExercise,1.5,openedApp,Europe/Lisbon,1753127929.721943
False,instagram,breathingExercise,1.5,openedApp,Europe/Lisbon,1753127984.2518392
False,instagram,breathingExercise,1.5,openedApp,Europe/Lisbon,1753128193.3025122
False,instagram,breathingExercise,1.5,openedApp,Europe/Lisbon,1753129992.5497189
False,instagram,breathingExercise,1.5,openedApp,Europe/Lisbon,1753133793.843231
False,instagram,breathingExercise,1.5,openedApp,Europe/Lisbon,1753135789.8242779
False,instagram,breathingExercise,1.5,openedApp,Europe/Lisbon,1753137618.564793
False,instagram,breathingExercise,1.5,dismissedAppOpening,Europe/Lisbon,1753139114.810803
False,instagram,breathingExercise,1.5,openedApp,Europe/Lisbon,1753139224.607029
False,instagram,breathingExercise,1.5,openedApp,Europe/Lisbon,1753140131.865034
False,instagram,breathingExercise,1.5,openedApp,Europe/Lisbon,1753140700.8392692
False,instagram,breathingExercise,1.5,openedApp,Europe/Lisbon,1753141404.216257
False,instagram,breathingExercise,1.5,openedApp,Europe/Lisbon,1753142374.317194
False,instagram,breathingExercise,1.5,openedApp,Europe/Lisbon,1753144907.689085
False,instagram,breathingExercise,1.5,openedApp,Europe/Lisbon,1753145493.565078
False,instagram,breathingExercise,1.5,dismissedAppOpening,Europe/Lisbon,1753145587.850097
False,instagram,breathingExercise,1.5,dismissedAppOpening,Europe/Lisbon,1753176149.073818
False,instagram,breathingExercise,1.5,openedApp,Europe/Lisbon,1753181432.056668
False,instagram,breathingExercise,1.5,openedApp,Europe/Lisbon,1753181631.854968
False,instagram,breathingExercise,1.5,openedApp,Europe/Lisbon,1753181749.977902
False,instagram,breathingExercise,1.5,dismissedAppOpening,Europe/Lisbon,1753182926.350074
False,instagram,breathingExercise,1.5,openedApp,Europe/Lisbon,1753182944.666295
False,instagram,breathingExercise,1.5,openedApp,Europe/Lisbon,1753183739.238025
False,instagram,breathingExercise,1.5,openedApp,Europe/Lisbon,1753187948.338532
False,instagram,breathingExercise,1.5,openedApp,Europe/Lisbon,1753187962.877098
False,instagram,breathingExercise,1.5,dismissedAppOpening,Europe/Lisbon,1753189966.760858
False,instagram,breathingExercise,1.5,openedApp,Europe/Lisbon,1753191479.257194
False,instagram,breathingExercise,1.5,openedApp,Europe/Lisbon,1753191606.412043
False,instagram,breathingExercise,1.5,openedApp,Europe/Lisbon,1753192834.1514668
False,instagram,breathingExercise,1.5,openedApp,Europe/Lisbon,1753193235.892314
False,instagram,breathingExercise,1.5,openedApp,Europe/Lisbon,1753193635.769819
False,instagram,breathingExercise,1.5,openedApp,Europe/Lisbon,1753194402.636022
False,instagram,breathingExercise,1.5,dismissedAppOpening,Europe/Lisbon,1753195386.269223
False,instagram,breathingExercise,1.5,openedApp,Europe/Lisbon,1753195605.6380758
False,instagram,breathingExercise,1.5,dismissedAppOpening,Europe/Lisbon,1753195867.911386
False,instagram,breathingExercise,1.5,openedApp,Europe/Lisbon,1753197824.998293
False,instagram,breathingExercise,1.5,openedApp,Europe/Lisbon,1753200033.2362099
False,instagram,breathingExercise,1.5,dismissedAppOpening,Europe/Lisbon,1753201559.964213
False,instagram,breathingExercise,1.5,openedApp,Europe/Lisbon,1753201574.8593512
False,instagram,breathingExercise,1.5,openedApp,Europe/Lisbon,1753204493.983388
False,instagram,breathingExercise,1.5,openedApp,Europe/Lisbon,1753206057.7566562
False,instagram,breathingExercise,1.5,openedApp,Europe/Lisbon,1753206234.2840152
False,instagram,breathingExercise,1.5,dismissedAppOpening,Europe/Lisbon,1753207289.033162
False,instagram,breathingExercise,1.5,openedApp,Europe/Lisbon,1753210840.338666
False,instagram,breathingExercise,1.5,dismissedAppOpening,Europe/Lisbon,1753212134.043421
False,instagram,breathingExercise,1.5,openedApp,Europe/Lisbon,1753213180.063122
False,instagram,breathingExercise,1.5,openedApp,Europe/Lisbon,1753213609.200801
False,instagram,breathingExercise,1.5,openedApp,Europe/Lisbon,1753215237.7610068
False,instagram,breathingExercise,1.5,openedApp,Europe/Lisbon,1753217917.744145
False,instagram,breathingExercise,1.5,dismissedAppOpening,Europe/Lisbon,1753218706.352772
False,instagram,breathingExercise,1.5,dismissedAppOpening,Europe/Lisbon,1753218707.343995
False,instagram,breathingExercise,1.5,dismissedAppOpening,Europe/Lisbon,1753218709.723452
False,instagram,breathingExercise,1.5,dismissedAppOpening,Europe/Lisbon,1753218713.681438
False,instagram,breathingExercise,1.5,dismissedAppOpening,Europe/Lisbon,1753218717.866899
False,instagram,breathingExercise,1.5,openedApp,Europe/Lisbon,1753219914.7995892
False,instagram,breathingExercise,1.5,openedApp,Europe/Lisbon,1753220227.5940151
False,instagram,breathingExercise,1.5,dismissedAppOpening,Europe/Lisbon,1753222050.73315
False,instagram,breathingExercise,1.5,openedApp,Europe/Lisbon,1753222069.097074
False,instagram,breathingExercise,1.5,dismissedAppOpening,Europe/Lisbon,1753223765.201109
False,instagram,breathingExercise,1.5,openedApp,Europe/Lisbon,1753223771.533623
False,instagram,breathingExercise,1.5,openedApp,Europe/Lisbon,1753224951.074864
False,instagram,breathingExercise,1.5,dismissedAppOpening,Europe/Lisbon,1753225185.774919
False,instagram,breathingExercise,1.5,openedApp,Europe/Lisbon,1753225361.206434
False,instagram,breathingExercise,1.5,openedApp,Europe/Lisbon,1753226161.7833052
False,instagram,breathingExercise,1.5,openedApp,Europe/Lisbon,1753228675.677912
False,instagram,breathingExercise,1.5,openedApp,Europe/Lisbon,1753228842.152941
False,instagram,breathingExercise,1.5,openedApp,Europe/Lisbon,1753229747.238277
False,instagram,breathingExercise,1.5,dismissedAppOpening,Europe/Lisbon,1753231271.970901
False,instagram,breathingExercise,1.5,openedApp,Europe/Lisbon,1753259553.359303
False,instagram,breathingExercise,1.5,openedApp,Europe/Lisbon,1753264991.418488
False,instagram,breathingExercise,1.5,dismissedAppOpening,Europe/Lisbon,1753266018.828497
False,instagram,breathingExercise,1.5,openedApp,Europe/Lisbon,1753266161.357688
False,instagram,breathingExercise,1.5,openedApp,Europe/Lisbon,1753266452.62048
False,instagram,breathingExercise,1.5,openedApp,Europe/Lisbon,1753266505.1450958
False,instagram,breathingExercise,1.5,dismissedAppOpening,Europe/Lisbon,1753266740.273965
False,instagram,breathingExercise,1.5,openedApp,Europe/Lisbon,1753266800.3525991
False,instagram,breathingExercise,1.5,openedApp,Europe/Lisbon,1753267459.943141
False,instagram,breathingExercise,1.5,openedApp,Europe/Lisbon,1753267802.209487
False,instagram,breathingExercise,1.5,openedApp,Europe/Lisbon,1753274480.2751389
False,instagram,breathingExercise,1.5,openedApp,Europe/Lisbon,1753274514.653022
False,instagram,breathingExercise,1.5,openedApp,Europe/Lisbon,1753277847.8576078
False,instagram,breathingExercise,1.5,openedApp,Europe/Lisbon,1753278749.803657
False,instagram,breathingExercise,1.5,dismissedAppOpening,Europe/Lisbon,1753282254.567566
False,instagram,breathingExercise,1.5,dismissedAppOpening,Europe/Lisbon,1753282262.040913
False,instagram,breathingExercise,1.5,openedApp,Europe/Lisbon,1753282272.28086
False,instagram,breathingExercise,1.5,dismissedAppOpening,Europe/Lisbon,1753282557.062711
False,instagram,breathingExercise,1.5,openedApp,Europe/Lisbon,1753284503.00529
False,instagram,breathingExercise,1.5,openedApp,Europe/Lisbon,1753284660.246136
False,instagram,breathingExercise,1.5,dismissedAppOpening,Europe/Lisbon,1753287888.991784
False,instagram,breathingExercise,1.5,openedApp,Europe/Lisbon,1753288103.9586859
False,instagram,breathingExercise,1.5,dismissedAppOpening,Europe/Lisbon,1753289567.8276072
False,instagram,breathingExercise,1.5,openedApp,Europe/Lisbon,1753293083.954917
False,instagram,breathingExercise,1.5,dismissedAppOpening,Europe/Lisbon,1753296387.814704
False,instagram,breathingExercise,1.5,openedApp,Europe/Lisbon,1753296573.880327
False,instagram,breathingExercise,1.5,openedApp,Europe/Lisbon,1753297465.252773
False,instagram,breathingExercise,1.5,openedApp,Europe/Lisbon,1753298403.8036761
False,instagram,breathingExercise,1.5,dismissedAppOpening,Europe/Lisbon,1753298454.0117378
False,instagram,breathingExercise,1.5,openedApp,Europe/Lisbon,1753298582.7337852
False,instagram,breathingExercise,1.5,openedApp,Europe/Lisbon,1753298748.4591742
False,instagram,breathingExercise,1.5,openedApp,Europe/Lisbon,1753299418.8072581
False,instagram,breathingExercise,1.5,openedApp,Europe/Lisbon,1753300233.662208
False,instagram,breathingExercise,1.5,openedApp,Europe/Lisbon,1753301371.7631931
False,instagram,breathingExercise,1.5,openedApp,Europe/Lisbon,1753303954.663169
False,instagram,breathingExercise,1.5,dismissedAppOpening,Europe/Lisbon,1753304071.228265
False,instagram,breathingExercise,1.5,dismissedAppOpening,Europe/Lisbon,1753304074.338398
False,instagram,breathingExercise,1.5,dismissedAppOpening,Europe/Lisbon,1753304515.993026
False,instagram,breathingExercise,1.5,openedApp,Europe/Lisbon,1753305036.037946
False,instagram,breathingExercise,1.5,openedApp,Europe/Lisbon,1753306519.6695309
False,instagram,breathingExercise,1.5,openedApp,Europe/Lisbon,1753306682.3399181
False,instagram,breathingExercise,1.5,dismissedAppOpening,Europe/Lisbon,1753307487.027176
False,instagram,breathingExercise,1.5,openedApp,Europe/Lisbon,1753307631.2348552
False,instagram,breathingExercise,1.5,openedApp,Europe/Lisbon,1753309448.1077008
False,instagram,breathingExercise,1.5,openedApp,Europe/Lisbon,1753309734.268464
False,instagram,breathingExercise,1.5,openedApp,Europe/Lisbon,1753311424.784894
False,instagram,breathingExercise,1.5,openedApp,Europe/Lisbon,1753312240.096616
False,instagram,breathingExercise,1.5,openedApp,Europe/Lisbon,1753349856.5651789
False,instagram,breathingExercise,1.5,openedApp,Europe/Lisbon,1753351108.488587
False,instagram,breathingExercise,1.5,dismissedAppOpening,Europe/Lisbon,1753352197.50755
False,instagram,breathingExercise,1.5,openedApp,Europe/Lisbon,1753352601.954922
False,instagram,breathingExercise,1.5,openedApp,Europe/Lisbon,1753353195.080758
False,instagram,breathingExercise,1.5,openedApp,Europe/Lisbon,1753353543.108012
False,instagram,breathingExercise,1.5,openedApp,Europe/Lisbon,1753355038.100202
False,instagram,breathingExercise,1.5,openedApp,Europe/Lisbon,1753356064.709547
False,instagram,breathingExercise,1.5,openedApp,Europe/Lisbon,1753359207.264818
False,instagram,breathingExercise,1.5,openedApp,Europe/Lisbon,1753360090.265275
False,instagram,breathingExercise,1.5,openedApp,Europe/Lisbon,1753361191.874605
False,instagram,breathingExercise,1.5,openedApp,Europe/Lisbon,1753361662.314468
False,instagram,breathingExercise,1.5,openedApp,Europe/Lisbon,1753363050.5034451
False,instagram,breathingExercise,1.5,dismissedAppOpening,Europe/Lisbon,1753363683.303216
False,instagram,breathingExercise,1.5,openedApp,Europe/Lisbon,1753365579.253601
False,instagram,breathingExercise,1.5,openedApp,Europe/Lisbon,1753366489.286569
False,instagram,breathingExercise,1.5,openedApp,Europe/Lisbon,1753367326.2304878
False,instagram,breathingExercise,1.5,openedApp,Europe/Lisbon,1753368209.21822
False,instagram,breathingExercise,1.5,openedApp,Europe/Lisbon,1753368967.976757
False,instagram,breathingExercise,1.5,dismissedAppOpening,Europe/Lisbon,1753369186.899454
False,instagram,breathingExercise,1.5,openedApp,Europe/Lisbon,1753369810.335969
False,instagram,breathingExercise,1.5,openedApp,Europe/Lisbon,1753372843.140486
False,instagram,breathingExercise,1.5,openedApp,Europe/Lisbon,1753373140.696923
False,instagram,breathingExercise,1.5,openedApp,Europe/Lisbon,1753374236.6884918
False,instagram,breathingExercise,1.5,openedApp,Europe/Lisbon,1753375364.271515
False,instagram,breathingExercise,1.5,openedApp,Europe/Lisbon,1753376221.5913029
False,instagram,breathingExercise,1.5,openedApp,Europe/Lisbon,1753377080.807445
False,instagram,breathingExercise,1.5,openedApp,Europe/Lisbon,1753377279.906703
False,instagram,breathingExercise,1.5,dismissedAppOpening,Europe/Lisbon,1753378966.5073771
False,instagram,breathingExercise,1.5,openedApp,Europe/Lisbon,1753380062.216868
False,instagram,breathingExercise,1.5,openedApp,Europe/Lisbon,1753382352.714199
False,instagram,breathingExercise,1.5,openedApp,Europe/Lisbon,1753384249.058002
False,instagram,breathingExercise,1.5,dismissedAppOpening,Europe/Lisbon,1753388091.181185
False,instagram,breathingExercise,1.5,openedApp,Europe/Lisbon,1753389093.077596
False,instagram,breathingExercise,1.5,openedApp,Europe/Lisbon,1753391544.474853
False,instagram,breathingExercise,1.5,openedApp,Europe/Lisbon,1753395368.082216
False,instagram,breathingExercise,1.5,openedApp,Europe/Lisbon,1753395960.257407
False,instagram,breathingExercise,1.5,dismissedAppOpening,Europe/Lisbon,1753395983.834029
False,instagram,breathingExercise,1.5,dismissedAppOpening,Europe/Lisbon,1753395989.831619
False,instagram,breathingExercise,1.5,dismissedAppOpening,Europe/Lisbon,1753397051.0636501
False,instagram,breathingExercise,1.5,dismissedAppOpening,Europe/Lisbon,1753400573.1543388
False,instagram,breathingExercise,1.5,openedApp,Europe/Lisbon,1753400580.411226
False,instagram,breathingExercise,1.5,openedApp,Europe/Lisbon,1753400842.76502
False,instagram,breathingExercise,1.5,openedApp,Europe/Lisbon,1753403606.978277
False,instagram,breathingExercise,1.5,openedApp,Europe/Lisbon,1753404774.60351
False,instagram,breathingExercise,1.5,openedApp,Europe/Lisbon,1753404876.508681
False,instagram,breathingExercise,1.5,dismissedAppOpening,Europe/Lisbon,1753405535.3064299
False,instagram,breathingExercise,1.5,openedApp,Europe/Lisbon,1753406154.3446999
False,instagram,breathingExercise,1.5,openedApp,Europe/Lisbon,1753406465.750876
False,instagram,breathingExercise,1.5,openedApp,Europe/Lisbon,1753435519.016011
False,instagram,breathingExercise,1.5,openedApp,Europe/Lisbon,1753437806.340735
False,instagram,breathingExercise,1.5,openedApp,Europe/Lisbon,1753438854.768931
False,instagram,breathingExercise,1.5,openedApp,Europe/Lisbon,1753440206.623379
False,instagram,breathingExercise,1.5,openedApp,Europe/Lisbon,1753442493.504185
False,instagram,breathingExercise,1.5,openedApp,Europe/Lisbon,1753442758.451037
False,instagram,breathingExercise,1.5,openedApp,Europe/Lisbon,1753442918.253634
False,instagram,breathingExercise,1.5,openedApp,Europe/Lisbon,1753444838.4888148
False,instagram,breathingExercise,1.5,openedApp,Europe/Lisbon,1753445335.262182
False,instagram,breathingExercise,1.5,openedApp,Europe/Lisbon,1753445860.391494
False,instagram,breathingExercise,1.5,dismissedAppOpening,Europe/Lisbon,1753445946.339827
False,instagram,breathingExercise,1.5,openedApp,Europe/Lisbon,1753447490.773182
False,instagram,breathingExercise,1.5,openedApp,Europe/Lisbon,1753448384.6541219
False,instagram,breathingExercise,1.5,dismissedAppOpening,Europe/Lisbon,1753449774.2884889
False,instagram,breathingExercise,1.5,dismissedAppOpening,Europe/Lisbon,1753450442.295333
False,instagram,breathingExercise,1.5,dismissedAppOpening,Europe/Lisbon,1753450565.38186
False,instagram,breathingExercise,1.5,dismissedAppOpening,Europe/Lisbon,1753450635.4299011
False,instagram,breathingExercise,1.5,dismissedAppOpening,Europe/Lisbon,1753450645.5143452
False,instagram,breathingExercise,1.5,dismissedAppOpening,Europe/Lisbon,1753450648.589686
False,instagram,breathingExercise,1.5,dismissedAppOpening,Europe/Lisbon,1753450651.5237532
False,instagram,breathingExercise,1.5,openedApp,Europe/Lisbon,1753450767.1138349
False,instagram,breathingExercise,1.5,openedApp,Europe/Lisbon,1753451168.758771
False,instagram,breathingExercise,1.5,openedApp,Europe/Lisbon,1753451645.338941
False,instagram,breathingExercise,1.5,openedApp,Europe/Lisbon,1753452359.742446
False,instagram,breathingExercise,1.5,openedApp,Europe/Lisbon,1753453606.047707
False,instagram,breathingExercise,1.5,openedApp,Europe/Lisbon,1753456912.774291
False,instagram,breathingExercise,1.5,dismissedAppOpening,Europe/Lisbon,1753457373.529838
False,instagram,breathingExercise,1.5,dismissedAppOpening,Europe/Lisbon,1753459475.447248
False,instagram,breathingExercise,1.5,openedApp,Europe/Lisbon,1753459482.088655
False,instagram,breathingExercise,1.5,openedApp,Europe/Lisbon,1753459632.6545491
False,instagram,breathingExercise,1.5,openedApp,Europe/Lisbon,1753460800.8852859
False,instagram,breathingExercise,1.5,openedApp,Europe/Lisbon,1753461433.406302
False,instagram,breathingExercise,1.5,openedApp,Europe/Lisbon,1753464413.48157
False,instagram,breathingExercise,1.5,openedApp,Europe/Lisbon,1753465166.838454
False,instagram,breathingExercise,1.5,openedApp,Europe/Lisbon,1753466163.2877588
False,instagram,breathingExercise,1.5,openedApp,Europe/Lisbon,1753468442.45118
False,instagram,breathingExercise,1.5,openedApp,Europe/Lisbon,1753468468.44571
False,instagram,breathingExercise,1.5,openedApp,Europe/Lisbon,1753468868.134427
False,instagram,breathingExercise,1.5,openedApp,Europe/Lisbon,1753469719.8592792
False,instagram,breathingExercise,1.5,dismissedAppOpening,Europe/Lisbon,1753469850.870812
False,instagram,breathingExercise,1.5,openedApp,Europe/Lisbon,1753470038.749454
False,instagram,breathingExercise,1.5,openedApp,Europe/Lisbon,1753470061.446759
False,instagram,breathingExercise,1.5,openedApp,Europe/Lisbon,1753470168.8029819
False,instagram,breathingExercise,1.5,openedApp,Europe/Lisbon,1753470192.229284
False,instagram,breathingExercise,1.5,dismissedAppOpening,Europe/Lisbon,1753470218.080127
False,instagram,breathingExercise,1.5,openedApp,Europe/Lisbon,1753470250.404783
False,instagram,breathingExercise,1.5,openedApp,Europe/Lisbon,1753470267.6609678
False,instagram,breathingExercise,1.5,openedApp,Europe/Lisbon,1753475090.829804
False,instagram,breathingExercise,1.5,openedApp,Europe/Lisbon,1753479986.2861009
False,instagram,breathingExercise,1.5,dismissedAppOpening,Europe/Lisbon,1753481988.7677178
False,instagram,breathingExercise,1.5,dismissedAppOpening,Europe/Lisbon,1753482001.09955
False,instagram,breathingExercise,1.5,openedApp,Europe/Lisbon,1753485273.7081141
False,instagram,breathingExercise,1.5,openedApp,Europe/Lisbon,1753494680.937743
False,instagram,breathingExercise,1.5,openedApp,Europe/Lisbon,1753494991.354006
False,instagram,breathingExercise,1.5,openedApp,Europe/Lisbon,1753501667.2808452
False,instagram,breathingExercise,1.5,openedApp,Europe/Lisbon,1753501812.518063
False,instagram,breathingExercise,1.5,dismissedAppOpening,Europe/Lisbon,1753527673.671241
False,instagram,breathingExercise,1.5,openedApp,Europe/Lisbon,1753527686.164115
False,instagram,breathingExercise,1.5,openedApp,Europe/Lisbon,1753528773.794656
False,instagram,breathingExercise,1.5,openedApp,Europe/Lisbon,1753528914.5905318
False,instagram,breathingExercise,1.5,openedApp,Europe/Lisbon,1753530263.72387
False,instagram,breathingExercise,1.5,openedApp,Europe/Lisbon,1753534524.8952541
False,instagram,breathingExercise,1.5,openedApp,Europe/Lisbon,1753538264.90276
False,instagram,breathingExercise,1.5,openedApp,Europe/Lisbon,1753538535.443553
False,instagram,breathingExercise,1.5,openedApp,Europe/Lisbon,1753541529.933116
False,instagram,breathingExercise,1.5,openedApp,Europe/Lisbon,1753542679.0206928
False,instagram,breathingExercise,1.5,openedApp,Europe/Lisbon,1753543822.3252602
False,instagram,breathingExercise,1.5,openedApp,Europe/Lisbon,1753544146.892174
False,instagram,breathingExercise,1.5,openedApp,Europe/Lisbon,1753545702.934403
False,instagram,breathingExercise,1.5,dismissedAppOpening,Europe/Lisbon,1753546295.345428
False,instagram,breathingExercise,1.5,openedApp,Europe/Lisbon,1753546955.493806
False,instagram,breathingExercise,1.5,openedApp,Europe/Lisbon,1753548496.272647
False,instagram,breathingExercise,1.5,dismissedAppOpening,Europe/Lisbon,1753549873.392343
False,instagram,breathingExercise,1.5,openedApp,Europe/Lisbon,1753549881.078477
False,instagram,breathingExercise,1.5,openedApp,Europe/Lisbon,1753550969.621623
False,instagram,breathingExercise,1.5,openedApp,Europe/Lisbon,1753553604.405637
False,instagram,breathingExercise,1.5,openedApp,Europe/Lisbon,1753554317.076951
False,instagram,breathingExercise,1.5,openedApp,Europe/Lisbon,1753554417.927747
False,instagram,breathingExercise,1.5,openedApp,Europe/Lisbon,1753555333.2409701
False,instagram,breathingExercise,1.5,openedApp,Europe/Lisbon,1753555708.277767
False,instagram,breathingExercise,1.5,openedApp,Europe/Lisbon,1753556844.900711
False,instagram,breathingExercise,1.5,openedApp,Europe/Lisbon,1753557794.020674
False,instagram,breathingExercise,1.5,openedApp,Europe/Lisbon,1753558011.7592878
False,instagram,breathingExercise,1.5,openedApp,Europe/Lisbon,1753558105.194713
False,instagram,breathingExercise,1.5,openedApp,Europe/Lisbon,1753558731.654262
False,instagram,breathingExercise,1.5,openedApp,Europe/Lisbon,1753559554.845146
False,instagram,breathingExercise,1.5,openedApp,Europe/Lisbon,1753559850.596004
False,instagram,breathingExercise,1.5,openedApp,Europe/Lisbon,1753559882.427144
False,instagram,breathingExercise,1.5,openedApp,Europe/Lisbon,1753560166.4775748
False,instagram,breathingExercise,1.5,openedApp,Europe/Lisbon,1753560238.608101
False,instagram,breathingExercise,1.5,openedApp,Europe/Lisbon,1753560687.9401422
False,instagram,breathingExercise,1.5,openedApp,Europe/Lisbon,1753561485.4553962
False,instagram,breathingExercise,1.5,openedApp,Europe/Lisbon,1753561705.278821
False,instagram,breathingExercise,1.5,openedApp,Europe/Lisbon,1753562517.226717
False,instagram,breathingExercise,1.5,openedApp,Europe/Lisbon,1753562810.213162
False,instagram,breathingExercise,1.5,dismissedAppOpening,Europe/Lisbon,1753564509.938685
False,instagram,breathingExercise,1.5,openedApp,Europe/Lisbon,1753564518.922927
False,instagram,breathingExercise,1.5,openedApp,Europe/Lisbon,1753564546.529572
False,instagram,breathingExercise,1.5,openedApp,Europe/Lisbon,1753565222.5018392
False,instagram,breathingExercise,1.5,dismissedAppOpening,Europe/Lisbon,1753567006.8966742
False,instagram,breathingExercise,1.5,openedApp,Europe/Lisbon,1753567074.616394
False,instagram,breathingExercise,1.5,dismissedAppOpening,Europe/Lisbon,1753567196.073194
False,instagram,breathingExercise,1.5,openedApp,Europe/Lisbon,1753567247.478788
False,instagram,breathingExercise,1.5,openedApp,Europe/Lisbon,1753568424.409862
False,instagram,breathingExercise,1.5,openedApp,Europe/Lisbon,1753568470.4360728
False,instagram,breathingExercise,1.5,openedApp,Europe/Lisbon,1753569651.383364
False,instagram,breathingExercise,1.5,openedApp,Europe/Lisbon,1753570260.508735
False,instagram,breathingExercise,1.5,openedApp,Europe/Lisbon,1753570296.004084
False,instagram,breathingExercise,1.5,openedApp,Europe/Lisbon,1753570521.0239081
False,instagram,breathingExercise,1.5,dismissedAppOpening,Europe/Lisbon,1753570579.294087
False,instagram,breathingExercise,1.5,dismissedAppOpening,Europe/Lisbon,1753570583.06515
False,instagram,breathingExercise,1.5,dismissedAppOpening,Europe/Lisbon,1753570585.413094
False,instagram,breathingExercise,1.5,dismissedAppOpening,Europe/Lisbon,1753570590.363765
False,instagram,breathingExercise,1.5,dismissedAppOpening,Europe/Lisbon,1753570596.5407748
False,instagram,breathingExercise,1.5,dismissedAppOpening,Europe/Lisbon,1753570600.7708092
False,instagram,breathingExercise,1.5,dismissedAppOpening,Europe/Lisbon,1753570604.563394
False,instagram,breathingExercise,1.5,dismissedAppOpening,Europe/Lisbon,1753570610.451297
False,instagram,breathingExercise,1.5,dismissedAppOpening,Europe/Lisbon,1753570614.607187
False,instagram,breathingExercise,1.5,dismissedAppOpening,Europe/Lisbon,1753570620.644164
False,instagram,breathingExercise,1.5,dismissedAppOpening,Europe/Lisbon,1753570624.894496
False,instagram,breathingExercise,1.5,dismissedAppOpening,Europe/Lisbon,1753570628.003756
False,instagram,breathingExercise,1.5,dismissedAppOpening,Europe/Lisbon,1753570632.499315
False,instagram,breathingExercise,1.5,openedApp,Europe/Lisbon,1753571351.3757439
False,instagram,breathingExercise,1.5,openedApp,Europe/Lisbon,1753571501.3359442
False,instagram,breathingExercise,1.5,openedApp,Europe/Lisbon,1753571964.18522
False,instagram,breathingExercise,1.5,openedApp,Europe/Lisbon,1753573081.7510629
False,instagram,breathingExercise,1.5,openedApp,Europe/Lisbon,1753573472.683299
False,instagram,breathingExercise,1.5,openedApp,Europe/Lisbon,1753573820.94037
False,instagram,breathingExercise,1.5,openedApp,Europe/Lisbon,1753573857.2894979
False,instagram,breathingExercise,1.5,openedApp,Europe/Lisbon,1753573967.057502
False,instagram,breathingExercise,1.5,dismissedAppOpening,Europe/Lisbon,1753573988.7131848
False,instagram,breathingExercise,1.5,openedApp,Europe/Lisbon,1753574344.734462
False,instagram,breathingExercise,1.5,openedApp,Europe/Lisbon,1753574502.141253
False,instagram,breathingExercise,1.5,openedApp,Europe/Lisbon,1753575554.872468
False,instagram,breathingExercise,1.5,openedApp,Europe/Lisbon,1753576243.7717628
False,instagram,breathingExercise,1.5,dismissedAppOpening,Europe/Lisbon,1753576320.58744
False,instagram,breathingExercise,1.5,dismissedAppOpening,Europe/Lisbon,1753577032.1196
False,instagram,breathingExercise,1.5,dismissedAppOpening,Europe/Lisbon,1753577076.107039
False,instagram,breathingExercise,1.5,openedApp,Europe/Lisbon,1753577279.687101
False,instagram,breathingExercise,1.5,dismissedAppOpening,Europe/Lisbon,1753577339.8079119
False,instagram,breathingExercise,1.5,dismissedAppOpening,Europe/Lisbon,1753613640.353991
False,instagram,breathingExercise,1.5,openedApp,Europe/Lisbon,1753614140.895472
False,instagram,breathingExercise,1.5,openedApp,Europe/Lisbon,1753614298.280555
False,instagram,breathingExercise,1.5,openedApp,Europe/Lisbon,1753616015.158391
False,instagram,breathingExercise,1.5,openedApp,Europe/Lisbon,1753616043.915876
False,instagram,breathingExercise,1.5,openedApp,Europe/Lisbon,1753616388.7456641
False,instagram,breathingExercise,1.5,openedApp,Europe/Lisbon,1753616604.435776
False,instagram,breathingExercise,1.5,dismissedAppOpening,Europe/Lisbon,1753617640.977824
False,instagram,breathingExercise,1.5,openedApp,Europe/Lisbon,1753617712.195592
False,instagram,breathingExercise,1.5,dismissedAppOpening,Europe/Lisbon,1753618014.746203
False,instagram,breathingExercise,1.5,openedApp,Europe/Lisbon,1753622555.27146
False,instagram,breathingExercise,1.5,dismissedAppOpening,Europe/Lisbon,1753626496.24887
False,instagram,breathingExercise,1.5,dismissedAppOpening,Europe/Lisbon,1753626499.778853
False,instagram,breathingExercise,1.5,dismissedAppOpening,Europe/Lisbon,1753626501.069337
False,instagram,breathingExercise,1.5,openedApp,Europe/Lisbon,1753628712.0524058
False,instagram,breathingExercise,1.5,openedApp,Europe/Lisbon,1753634860.083887
False,instagram,breathingExercise,1.5,openedApp,Europe/Lisbon,1753643377.0772362
False,instagram,breathingExercise,1.5,openedApp,Europe/Lisbon,1753649209.1976318
False,instagram,breathingExercise,1.5,openedApp,Europe/Lisbon,1753654915.447577
False,instagram,breathingExercise,1.5,openedApp,Europe/Lisbon,1753655205.108025
False,instagram,breathingExercise,1.5,openedApp,Europe/Lisbon,1753656067.4299521
False,instagram,breathingExercise,1.5,dismissedAppOpening,Europe/Lisbon,1753692775.623479
False,instagram,breathingExercise,1.5,dismissedAppOpening,Europe/Lisbon,1753693563.9259
False,instagram,breathingExercise,1.5,openedApp,Europe/Lisbon,1753695819.299007
False,instagram,breathingExercise,1.5,dismissedAppOpening,Europe/Lisbon,1753695892.57304
False,instagram,breathingExercise,1.5,openedApp,Europe/Lisbon,1753695899.508274
False,instagram,breathingExercise,1.5,openedApp,Europe/Lisbon,1753696542.616854
False,instagram,breathingExercise,1.5,openedApp,Europe/Lisbon,1753697025.5394778
False,instagram,breathingExercise,1.5,openedApp,Europe/Lisbon,1753697111.719027
False,instagram,breathingExercise,1.5,openedApp,Europe/Lisbon,1753697984.9182792
False,instagram,breathingExercise,1.5,dismissedAppOpening,Europe/Lisbon,1753698928.2021132
False,instagram,breathingExercise,1.5,dismissedAppOpening,Europe/Lisbon,1753701906.4585009
False,instagram,breathingExercise,1.5,openedApp,Europe/Lisbon,1753705325.212741
False,instagram,breathingExercise,1.5,openedApp,Europe/Lisbon,1753718425.476059
False,instagram,breathingExercise,1.5,openedApp,Europe/Lisbon,1753721107.072366
False,instagram,breathingExercise,1.5,openedApp,Europe/Lisbon,1753724045.9444761
False,instagram,breathingExercise,1.5,dismissedAppOpening,Europe/Lisbon,1753726161.476241
False,instagram,breathingExercise,1.5,openedApp,Europe/Lisbon,1753729362.909476
False,instagram,breathingExercise,1.5,openedApp,Europe/Lisbon,1753731113.292072
False,instagram,breathingExercise,1.5,dismissedAppOpening,Europe/Lisbon,1753731696.169987
False,instagram,breathingExercise,1.5,openedApp,Europe/Lisbon,1753733896.50826
False,instagram,breathingExercise,1.5,openedApp,Europe/Lisbon,1753734057.1904721
False,instagram,breathingExercise,1.5,openedApp,Europe/Lisbon,1753743898.8722448
False,instagram,breathingExercise,1.5,openedApp,Europe/Lisbon,1753747159.434664
False,instagram,breathingExercise,1.5,dismissedAppOpening,Europe/Lisbon,1753747205.304915
False,instagram,breathingExercise,1.5,openedApp,Europe/Lisbon,1753747936.3820791
False,instagram,breathingExercise,1.5,openedApp,Europe/Lisbon,1753778673.2908149
False,instagram,breathingExercise,1.5,openedApp,Europe/Lisbon,1753781425.962951
False,instagram,breathingExercise,1.5,openedApp,Europe/Lisbon,1753781520.562254
False,instagram,breathingExercise,1.5,openedApp,Europe/Lisbon,1753785443.235591
False,instagram,breathingExercise,1.5,openedApp,Europe/Lisbon,1753785727.686953
False,instagram,breathingExercise,1.5,openedApp,Europe/Lisbon,1753790743.216682
False,instagram,breathingExercise,1.5,openedApp,Europe/Lisbon,1753791971.252337
False,instagram,breathingExercise,1.5,openedApp,Europe/Lisbon,1753792310.340091
False,instagram,breathingExercise,1.5,openedApp,Europe/Lisbon,1753792835.7147121
False,instagram,breathingExercise,1.5,openedApp,Europe/Lisbon,1753799541.435061
False,instagram,breathingExercise,1.5,openedApp,Europe/Lisbon,1753808444.321496
False,instagram,breathingExercise,1.5,openedApp,Europe/Lisbon,1753822954.39432
False,instagram,breathingExercise,1.5,openedApp,Europe/Lisbon,1753824102.875245
False,instagram,breathingExercise,1.5,openedApp,Europe/Lisbon,1753827747.840198
False,instagram,breathingExercise,1.5,openedApp,Europe/Lisbon,1753829279.651459
False,instagram,breathingExercise,1.5,openedApp,Europe/Lisbon,1753829333.183141
False,instagram,breathingExercise,1.5,openedApp,Europe/Lisbon,1753830408.6431909
False,instagram,breathingExercise,1.5,openedApp,Europe/Lisbon,1753835183.967119
False,instagram,breathingExercise,1.5,openedApp,Europe/Lisbon,1753835858.836582
False,instagram,breathingExercise,1.5,dismissedAppOpening,Europe/Lisbon,1753880207.2583761
False,instagram,breathingExercise,1.5,openedApp,Europe/Lisbon,1753883126.661931
False,instagram,breathingExercise,1.5,openedApp,Europe/Lisbon,1753887872.01911
False,instagram,breathingExercise,1.5,openedApp,Europe/Lisbon,1753889867.23496
False,instagram,breathingExercise,1.5,dismissedAppOpening,Europe/Lisbon,1753892579.540518
False,instagram,breathingExercise,1.5,openedApp,Europe/Lisbon,1753893907.7545319
False,instagram,breathingExercise,1.5,dismissedAppOpening,Europe/Lisbon,1753894494.445009
False,instagram,breathingExercise,1.5,dismissedAppOpening,Europe/Lisbon,1753894500.139482
False,instagram,breathingExercise,1.5,dismissedAppOpening,Europe/Lisbon,1753895845.602789
False,instagram,breathingExercise,1.5,openedApp,Europe/Lisbon,1753901036.143996
False,instagram,breathingExercise,1.5,openedApp,Europe/Lisbon,1753902627.8062959
False,instagram,breathingExercise,1.5,openedApp,Europe/Lisbon,1753906526.044461
False,instagram,breathingExercise,1.5,openedApp,Europe/Lisbon,1753907060.428956
False,instagram,breathingExercise,1.5,openedApp,Europe/Lisbon,1753913641.0922198
False,instagram,breathingExercise,1.5,dismissedAppOpening,Europe/Lisbon,1753913839.0013828
False,instagram,breathingExercise,1.5,openedApp,Europe/Lisbon,1753920271.369344
False,instagram,breathingExercise,1.5,openedApp,Europe/Lisbon,1753921529.444876
False,instagram,breathingExercise,3.0,openedApp,Europe/Lisbon,1753955702.635988
False,instagram,breathingExercise,3.0,dismissedAppOpening,Europe/Lisbon,1753955882.499031
False,instagram,breathingExercise,3.0,openedApp,Europe/Lisbon,1753955893.3031092
False,instagram,breathingExercise,3.0,openedApp,Europe/Lisbon,1753956723.2991939
False,instagram,breathingExercise,3.0,openedApp,Europe/Lisbon,1753957256.412035
False,instagram,breathingExercise,3.0,openedApp,Europe/Lisbon,1753958068.757889
False,instagram,breathingExercise,3.0,dismissedAppOpening,Europe/Lisbon,1753964126.5178962
False,instagram,breathingExercise,3.0,dismissedAppOpening,Europe/Lisbon,1753968090.71017
False,instagram,breathingExercise,3.0,openedApp,Europe/Lisbon,1753969380.579647
False,instagram,breathingExercise,3.0,openedApp,Europe/Lisbon,1753972340.426447
False,instagram,breathingExercise,3.0,openedApp,Europe/Lisbon,1753974981.0104
False,instagram,breathingExercise,3.0,openedApp,Europe/Lisbon,1753975762.2039971
False,instagram,breathingExercise,3.0,openedApp,Europe/Lisbon,1753982656.096776
False,instagram,breathingExercise,3.0,dismissedAppOpening,Europe/Lisbon,1753983015.147665
False,instagram,breathingExercise,3.0,dismissedAppOpening,Europe/Lisbon,1753983018.019405
False,instagram,breathingExercise,3.0,openedApp,Europe/Lisbon,1753983025.989668
False,instagram,breathingExercise,3.0,dismissedAppOpening,Europe/Lisbon,1753983143.7369242
False,instagram,breathingExercise,3.0,openedApp,Europe/Lisbon,1753984904.278137
False,instagram,breathingExercise,3.0,openedApp,Europe/Lisbon,1753986124.213101
False,instagram,breathingExercise,3.0,dismissedAppOpening,Europe/Lisbon,1753988896.301234
False,instagram,breathingExercise,3.0,dismissedAppOpening,Europe/Lisbon,1753989209.252029
False,instagram,breathingExercise,3.0,dismissedAppOpening,Europe/Lisbon,1753989218.75757
False,instagram,breathingExercise,3.0,openedApp,Europe/Lisbon,1754005302.790257
False,instagram,breathingExercise,3.0,openedApp,Europe/Lisbon,1754006010.3055549
False,instagram,breathingExercise,3.0,openedApp,Europe/Lisbon,1754006326.768619
False,instagram,breathingExercise,3.0,openedApp,Europe/Lisbon,1754039485.544828
False,instagram,breathingExercise,3.0,dismissedAppOpening,Europe/Lisbon,1754040895.14224
False,instagram,breathingExercise,3.0,openedApp,Europe/Lisbon,1754043098.70773
False,instagram,breathingExercise,3.0,dismissedAppOpening,Europe/Lisbon,1754043173.479217
False,instagram,breathingExercise,3.0,openedApp,Europe/Lisbon,1754044420.142376
False,instagram,breathingExercise,3.0,openedApp,Europe/Lisbon,1754044523.877775
False,instagram,breathingExercise,3.0,openedApp,Europe/Lisbon,1754044779.9950938
False,instagram,breathingExercise,3.0,openedApp,Europe/Lisbon,1754044861.872108
False,instagram,breathingExercise,3.0,openedApp,Europe/Lisbon,1754045163.555397
False,instagram,breathingExercise,3.0,openedApp,Europe/Lisbon,1754045407.9258928
False,instagram,breathingExercise,3.0,openedApp,Europe/Lisbon,1754052734.713447
False,instagram,breathingExercise,3.0,openedApp,Europe/Lisbon,1754054613.465677
False,instagram,breathingExercise,3.0,dismissedAppOpening,Europe/Lisbon,1754057062.151017
False,instagram,breathingExercise,3.0,openedApp,Europe/Lisbon,1754057118.773319
False,instagram,breathingExercise,3.0,openedApp,Europe/Lisbon,1754060670.981955
False,instagram,breathingExercise,3.0,openedApp,Europe/Lisbon,1754061047.2773361
False,instagram,breathingExercise,3.0,openedApp,Europe/Lisbon,1754064822.075769
False,instagram,breathingExercise,3.0,dismissedAppOpening,Europe/Lisbon,1754073524.465112
False,instagram,breathingExercise,3.0,dismissedAppOpening,Europe/Lisbon,1754073530.107335
False,instagram,breathingExercise,3.0,openedApp,Europe/Lisbon,1754076395.728673
False,instagram,breathingExercise,3.0,dismissedAppOpening,Europe/Lisbon,1754082162.9636312
False,instagram,breathingExercise,3.0,openedApp,Europe/Lisbon,1754082180.684655
False,instagram,breathingExercise,3.0,dismissedAppOpening,Europe/Lisbon,1754085181.102994
False,instagram,breathingExercise,3.0,openedApp,Europe/Lisbon,1754086049.446679
False,instagram,breathingExercise,3.0,dismissedAppOpening,Europe/Lisbon,1754086121.686603
False,instagram,breathingExercise,3.0,openedApp,Europe/Lisbon,1754087432.261117
False,instagram,breathingExercise,3.0,openedApp,Europe/Lisbon,1754088984.381925
False,instagram,breathingExercise,3.0,openedApp,Europe/Lisbon,1754090087.450949
False,instagram,breathingExercise,3.0,openedApp,Europe/Lisbon,1754092168.395057
False,instagram,breathingExercise,3.0,dismissedAppOpening,Europe/Lisbon,1754095786.3498511
False,instagram,breathingExercise,3.0,openedApp,Europe/Lisbon,1754131430.35395
False,instagram,breathingExercise,3.0,openedApp,Europe/Lisbon,1754131430.538749
False,instagram,breathingExercise,3.0,openedApp,Europe/Lisbon,1754138277.6368089
False,instagram,breathingExercise,3.0,openedApp,Europe/Lisbon,1754139759.1741781
False,instagram,breathingExercise,3.0,openedApp,Europe/Lisbon,1754141518.641693
False,instagram,breathingExercise,3.0,openedApp,Europe/Lisbon,1754141843.6464381
False,instagram,breathingExercise,3.0,openedApp,Europe/Lisbon,1754145950.909051
False,instagram,breathingExercise,3.0,openedApp,Europe/Lisbon,1754146475.961012
False,instagram,breathingExercise,3.0,dismissedAppOpening,Europe/Lisbon,1754146668.188682
False,instagram,breathingExercise,3.0,openedApp,Europe/Lisbon,1754147403.910232
False,instagram,breathingExercise,3.0,openedApp,Europe/Lisbon,1754152180.386475
False,instagram,breathingExercise,3.0,openedApp,Europe/Lisbon,1754156038.257176
False,instagram,breathingExercise,3.0,dismissedAppOpening,Europe/Lisbon,1754156919.575099
False,instagram,breathingExercise,3.0,openedApp,Europe/Lisbon,1754156936.890537
False,instagram,breathingExercise,3.0,openedApp,Europe/Lisbon,1754157233.206943
False,instagram,breathingExercise,3.0,openedApp,Europe/Lisbon,1754158986.5565128
False,instagram,breathingExercise,3.0,dismissedAppOpening,Europe/Lisbon,1754159160.335404
False,instagram,breathingExercise,3.0,openedApp,Europe/Lisbon,1754159169.634681
False,instagram,breathingExercise,3.0,dismissedAppOpening,Europe/Lisbon,1754164524.818274
False,instagram,breathingExercise,3.0,openedApp,Europe/Lisbon,1754166652.755599
False,instagram,breathingExercise,3.0,openedApp,Europe/Lisbon,1754166924.032651
False,instagram,breathingExercise,3.0,openedApp,Europe/Lisbon,1754167705.885267
False,instagram,breathingExercise,3.0,dismissedAppOpening,Europe/Lisbon,1754167804.6815748
False,instagram,breathingExercise,3.0,openedApp,Europe/Lisbon,1754176434.401671
False,instagram,breathingExercise,3.0,dismissedAppOpening,Europe/Lisbon,1754179538.112472
False,instagram,breathingExercise,3.0,openedApp,Europe/Lisbon,1754179664.006315
False,instagram,breathingExercise,3.0,openedApp,Europe/Lisbon,1754179976.128286
False,instagram,breathingExercise,3.0,openedApp,Europe/Lisbon,1754181846.119586
False,instagram,breathingExercise,3.0,dismissedAppOpening,Europe/Lisbon,1754182422.201724
False,instagram,breathingExercise,3.0,openedApp,Europe/Lisbon,1754183626.386009
False,instagram,breathingExercise,3.0,dismissedAppOpening,Europe/Lisbon,1754183646.728008
False,instagram,breathingExercise,3.0,openedApp,Europe/Lisbon,1754183658.8434582
False,instagram,breathingExercise,3.0,openedApp,Europe/Lisbon,1754216769.035945
False,instagram,breathingExercise,3.0,openedApp,Europe/Lisbon,1754230300.299916
False,instagram,breathingExercise,3.0,openedApp,Europe/Lisbon,1754230627.591731
False,instagram,breathingExercise,3.0,openedApp,Europe/Lisbon,1754230904.824352
False,instagram,breathingExercise,3.0,openedApp,Europe/Lisbon,1754230946.2283611
False,instagram,breathingExercise,3.0,dismissedAppOpening,Europe/Lisbon,1754231166.8058848
False,instagram,breathingExercise,3.0,dismissedAppOpening,Europe/Lisbon,1754231208.823719
False,instagram,breathingExercise,3.0,openedApp,Europe/Lisbon,1754231227.643828
False,instagram,breathingExercise,3.0,openedApp,Europe/Lisbon,1754231291.0894961
False,instagram,breathingExercise,3.0,openedApp,Europe/Lisbon,1754232776.676822
False,instagram,breathingExercise,3.0,openedApp,Europe/Lisbon,1754233722.183463
False,instagram,breathingExercise,3.0,openedApp,Europe/Lisbon,1754234264.35268
False,instagram,breathingExercise,3.0,openedApp,Europe/Lisbon,1754234410.013983
False,instagram,breathingExercise,3.0,openedApp,Europe/Lisbon,1754234726.754606
False,instagram,breathingExercise,3.0,openedApp,Europe/Lisbon,1754237509.760913
False,instagram,breathingExercise,3.0,openedApp,Europe/Lisbon,1754240264.16326
False,instagram,breathingExercise,3.0,dismissedAppOpening,Europe/Lisbon,1754242042.51918
False,instagram,breathingExercise,3.0,dismissedAppOpening,Europe/Lisbon,1754242045.011572
False,instagram,breathingExercise,3.0,dismissedAppOpening,Europe/Lisbon,1754242048.664837
False,instagram,breathingExercise,3.0,dismissedAppOpening,Europe/Lisbon,1754242055.015314
False,instagram,breathingExercise,3.0,dismissedAppOpening,Europe/Lisbon,1754242061.092108
False,instagram,breathingExercise,3.0,dismissedAppOpening,Europe/Lisbon,1754242810.961279
False,instagram,breathingExercise,3.0,dismissedAppOpening,Europe/Lisbon,1754242850.99313
False,instagram,breathingExercise,3.0,openedApp,Europe/Lisbon,1754243041.562437
False,instagram,breathingExercise,3.0,openedApp,Europe/Lisbon,1754247078.1609302
False,instagram,breathingExercise,3.0,openedApp,Europe/Lisbon,1754248952.42959
False,instagram,breathingExercise,3.0,openedApp,Europe/Lisbon,1754248993.480366
False,instagram,breathingExercise,3.0,openedApp,Europe/Lisbon,1754254138.713176
False,instagram,breathingExercise,3.0,openedApp,Europe/Lisbon,1754255686.247256
False,instagram,breathingExercise,3.0,dismissedAppOpening,Europe/Lisbon,1754255823.706424
False,instagram,breathingExercise,3.0,openedApp,Europe/Lisbon,1754256150.8917809
False,instagram,breathingExercise,3.0,openedApp,Europe/Lisbon,1754256458.161705
False,instagram,breathingExercise,3.0,dismissedAppOpening,Europe/Lisbon,1754257771.6345391
False,instagram,breathingExercise,3.0,openedApp,Europe/Lisbon,1754298667.294333
False,instagram,breathingExercise,3.0,openedApp,Europe/Lisbon,1754302590.8328052
False,instagram,breathingExercise,3.0,openedApp,Europe/Lisbon,1754303601.328251
False,instagram,breathingExercise,3.0,openedApp,Europe/Lisbon,1754304805.206634
False,instagram,breathingExercise,3.0,openedApp,Europe/Lisbon,1754305932.818294
False,instagram,breathingExercise,3.0,openedApp,Europe/Lisbon,1754308091.536569
False,instagram,breathingExercise,3.0,openedApp,Europe/Lisbon,1754311144.136458
