timestamp,app,resolution,isReIntervention,interventionDuration,timezone,interventionType
1750157716.6713471,instagram,dismissedAppOpening,False,1.5,Asia/Kolkata,breathingExercise
1750158059.126497,instagram,openedApp,False,1.5,Asia/Kolkata,breathingExercise
1750158106.448231,instagram,openedApp,False,1.5,Asia/Kolkata,breathingExercise
1750165629.043912,instagram,openedApp,False,1.5,Asia/Kolkata,breathingExercise
1750165666.084073,instagram,openedApp,False,1.5,Asia/Kolkata,breathingExercise
1750174011.3699899,instagram,openedApp,False,1.5,Asia/Kolkata,breathingExercise
1750174603.7719479,instagram,dismissedAppOpening,False,1.5,Asia/Kolkata,breathingExercise
1750175061.810183,instagram,openedApp,False,1.5,Asia/Kolkata,breathingExercise
1750175086.767865,instagram,openedApp,False,1.5,Asia/Kolkata,breathingExercise
1750175153.96284,instagram,openedApp,False,1.5,Asia/Kolkata,breathingExercise
1750175543.290096,instagram,openedApp,False,1.5,Asia/Kolkata,breathingExercise
1750176039.420233,instagram,dismissedAppOpening,False,1.5,Asia/Kolkata,breathingExercise
1750176047.773265,instagram,openedApp,False,1.5,Asia/Kolkata,breathingExercise
1750176241.461647,instagram,openedApp,False,1.5,Asia/Kolkata,breathingExercise
1750177963.016245,instagram,openedApp,False,1.5,Asia/Kolkata,breathingExercise
1750178622.666003,instagram,openedApp,False,1.5,Asia/Kolkata,breathingExercise
1750181067.5677052,instagram,openedApp,False,1.5,Asia/Kolkata,breathingExercise
1750183874.678015,instagram,openedApp,False,1.5,Asia/Kolkata,breathingExercise
1750184712.28946,instagram,openedApp,False,1.5,Asia/Kolkata,breathingExercise
1750185598.7314491,instagram,openedApp,False,1.5,Asia/Kolkata,breathingExercise
1750185925.674818,instagram,openedApp,False,1.5,Asia/Kolkata,breathingExercise
1750186050.01734,instagram,openedApp,False,1.5,Asia/Kolkata,breathingExercise
1750186218.1561708,instagram,openedApp,False,1.5,Asia/Kolkata,breathingExercise
1750186296.3311539,instagram,openedApp,False,1.5,Asia/Kolkata,breathingExercise
1750186498.572802,instagram,dismissedAppOpening,False,1.5,Asia/Kolkata,breathingExercise
1750186506.889369,instagram,openedApp,False,1.5,Asia/Kolkata,breathingExercise
1750186718.640926,instagram,openedApp,False,1.5,Asia/Kolkata,breathingExercise
1750187719.902019,instagram,openedApp,False,1.5,Asia/Kolkata,breathingExercise
1750215454.478996,instagram,openedApp,False,1.5,Asia/Kolkata,breathingExercise
1750215533.386311,instagram,openedApp,False,1.5,Asia/Kolkata,breathingExercise
1750215654.545104,instagram,openedApp,False,1.5,Asia/Kolkata,breathingExercise
1750215755.0379171,instagram,openedApp,False,1.5,Asia/Kolkata,breathingExercise
1750215858.03154,instagram,openedApp,False,1.5,Asia/Kolkata,breathingExercise
1750217531.15031,instagram,openedApp,False,1.5,Asia/Kolkata,breathingExercise
1750221373.424525,instagram,openedApp,False,1.5,Asia/Kolkata,breathingExercise
1750222338.502667,instagram,openedApp,False,1.5,Asia/Kolkata,breathingExercise
1750222551.8799791,instagram,openedApp,False,1.5,Asia/Kolkata,breathingExercise
1750223023.217332,instagram,openedApp,False,1.5,Asia/Kolkata,breathingExercise
1750223049.425671,instagram,openedApp,False,1.5,Asia/Kolkata,breathingExercise
1750223126.978082,instagram,dismissedAppOpening,False,1.5,Asia/Kolkata,breathingExercise
1750224064.387708,instagram,openedApp,False,1.5,Asia/Kolkata,breathingExercise
1750224075.0734591,instagram,dismissedAppOpening,False,1.5,Asia/Kolkata,breathingExercise
1750224106.5352411,instagram,openedApp,False,1.5,Asia/Kolkata,breathingExercise
1750224144.15768,instagram,openedApp,False,1.5,Asia/Kolkata,breathingExercise
1750224271.932555,instagram,openedApp,False,1.5,Asia/Kolkata,breathingExercise
1750224365.6257129,instagram,openedApp,False,1.5,Asia/Kolkata,breathingExercise
1750224490.540802,instagram,openedApp,False,1.5,Asia/Kolkata,breathingExercise
1750224720.6633139,instagram,openedApp,False,1.5,Asia/Kolkata,breathingExercise
1750229999.863359,instagram,openedApp,False,1.5,Asia/Kolkata,breathingExercise
1750231494.532907,instagram,openedApp,False,1.5,Asia/Kolkata,breathingExercise
1750237189.673397,instagram,openedApp,False,1.5,Asia/Kolkata,breathingExercise
1750237424.354638,instagram,openedApp,False,1.5,Asia/Kolkata,breathingExercise
1750237820.073419,instagram,openedApp,False,1.5,Asia/Kolkata,breathingExercise
1750252021.995065,instagram,openedApp,False,1.5,Asia/Kolkata,breathingExercise
1750252091.351042,instagram,openedApp,False,1.5,Asia/Kolkata,breathingExercise
1750252219.95122,instagram,openedApp,False,1.5,Asia/Kolkata,breathingExercise
1750252507.013894,instagram,openedApp,False,1.5,Asia/Kolkata,breathingExercise
1750255571.032649,instagram,openedApp,False,1.5,Asia/Kolkata,breathingExercise
1750255813.1721249,instagram,openedApp,False,1.5,Asia/Kolkata,breathingExercise
1750256085.086627,instagram,openedApp,False,1.5,Asia/Kolkata,breathingExercise
1750257343.23201,instagram,openedApp,False,1.5,Asia/Kolkata,breathingExercise
1750257809.45227,instagram,openedApp,False,1.5,Asia/Kolkata,breathingExercise
1750257843.7677178,instagram,openedApp,False,1.5,Asia/Kolkata,breathingExercise
1750258097.276315,instagram,openedApp,False,1.5,Asia/Kolkata,breathingExercise
1750258130.2711859,instagram,openedApp,False,1.5,Asia/Kolkata,breathingExercise
1750258176.209104,instagram,openedApp,False,1.5,Asia/Kolkata,breathingExercise
1750260312.985924,instagram,openedApp,False,1.5,Asia/Kolkata,breathingExercise
1750260418.021278,instagram,openedApp,False,1.5,Asia/Kolkata,breathingExercise
1750260512.620041,instagram,openedApp,False,1.5,Asia/Kolkata,breathingExercise
1750265200.159085,instagram,openedApp,False,1.5,Asia/Kolkata,breathingExercise
1750265358.921822,instagram,openedApp,False,1.5,Asia/Kolkata,breathingExercise
1750266785.843626,instagram,openedApp,False,1.5,Asia/Kolkata,breathingExercise
1750304955.4088159,instagram,openedApp,False,1.5,Asia/Kolkata,breathingExercise
1750305196.397675,instagram,openedApp,False,1.5,Asia/Kolkata,breathingExercise
1750307545.631686,instagram,openedApp,False,1.5,Asia/Kolkata,breathingExercise
1750307822.161696,instagram,openedApp,False,1.5,Asia/Kolkata,breathingExercise
1750308798.958119,instagram,openedApp,False,1.5,Asia/Kolkata,breathingExercise
1750309573.48014,instagram,openedApp,False,1.5,Asia/Kolkata,breathingExercise
1750309761.098689,instagram,openedApp,False,1.5,Asia/Kolkata,breathingExercise
1750311614.3163052,instagram,openedApp,False,1.5,Asia/Kolkata,breathingExercise
1750311948.2523432,instagram,openedApp,False,1.5,Asia/Kolkata,breathingExercise
1750312927.659873,instagram,openedApp,False,1.5,Asia/Kolkata,breathingExercise
1750320397.0874639,instagram,openedApp,False,1.5,Asia/Kolkata,breathingExercise
1750320627.461333,instagram,openedApp,False,1.5,Asia/Kolkata,breathingExercise
1750330647.906424,instagram,openedApp,False,1.5,Asia/Kolkata,breathingExercise
1750332259.982215,instagram,openedApp,False,1.5,Asia/Kolkata,breathingExercise
1750344507.4931068,instagram,openedApp,False,1.5,Asia/Kolkata,breathingExercise
1750344537.995205,instagram,openedApp,False,1.5,Asia/Kolkata,breathingExercise
1750344627.884409,instagram,openedApp,False,1.5,Asia/Kolkata,breathingExercise
1750344716.296949,instagram,openedApp,False,1.5,Asia/Kolkata,breathingExercise
1750344773.970412,instagram,openedApp,False,1.5,Asia/Kolkata,breathingExercise
1750351260.6671,instagram,openedApp,False,1.5,Asia/Kolkata,breathingExercise
1750353997.8429,instagram,openedApp,False,1.5,Asia/Kolkata,breathingExercise
1750355411.4925408,instagram,openedApp,False,1.5,Asia/Kolkata,breathingExercise
1750392425.3880029,instagram,openedApp,False,1.5,Asia/Kolkata,breathingExercise
1750392615.0136409,instagram,openedApp,False,1.5,Asia/Kolkata,breathingExercise
1750394587.288274,instagram,openedApp,False,1.5,Asia/Kolkata,breathingExercise
1750395467.30213,instagram,openedApp,False,1.5,Asia/Kolkata,breathingExercise
1750397518.866102,instagram,openedApp,False,1.5,Asia/Kolkata,breathingExercise
1750397601.6816769,instagram,dismissedAppOpening,False,1.5,Asia/Kolkata,breathingExercise
1750402121.582096,instagram,openedApp,False,1.5,Asia/Kolkata,breathingExercise
1750402375.491434,instagram,openedApp,False,1.5,Asia/Kolkata,breathingExercise
1750402644.391468,instagram,openedApp,False,1.5,Asia/Kolkata,breathingExercise
1750402966.8505712,instagram,openedApp,False,1.5,Asia/Kolkata,breathingExercise
1750403515.741171,instagram,dismissedAppOpening,False,1.5,Asia/Kolkata,breathingExercise
1750403523.9455218,instagram,openedApp,False,1.5,Asia/Kolkata,breathingExercise
1750403719.54356,instagram,openedApp,False,1.5,Asia/Kolkata,breathingExercise
1750404062.777504,instagram,openedApp,False,1.5,Asia/Kolkata,breathingExercise
1750404134.1658258,instagram,openedApp,False,1.5,Asia/Kolkata,breathingExercise
1750405107.7955298,instagram,openedApp,False,1.5,Asia/Kolkata,breathingExercise
1750405172.2157311,instagram,openedApp,False,1.5,Asia/Kolkata,breathingExercise
1750405329.445353,instagram,openedApp,False,1.5,Asia/Kolkata,breathingExercise
1750409747.230761,instagram,openedApp,False,1.5,Asia/Kolkata,breathingExercise
1750428819.8243551,instagram,openedApp,False,1.5,Asia/Kolkata,breathingExercise
1750429178.053685,instagram,openedApp,False,1.5,Asia/Kolkata,breathingExercise
1750430030.624131,instagram,dismissedAppOpening,False,1.5,Asia/Kolkata,breathingExercise
1750430111.156125,instagram,openedApp,False,1.5,Asia/Kolkata,breathingExercise
1750434966.5603929,instagram,openedApp,False,1.5,Asia/Kolkata,breathingExercise
1750435741.346033,instagram,openedApp,False,1.5,Asia/Kolkata,breathingExercise
1750436715.708881,instagram,openedApp,False,1.5,Asia/Kolkata,breathingExercise
1750438821.4566941,instagram,openedApp,False,1.5,Asia/Kolkata,breathingExercise
1750438934.391797,instagram,dismissedAppOpening,False,1.5,Asia/Kolkata,breathingExercise
1750446666.181639,instagram,openedApp,False,1.5,Asia/Kolkata,breathingExercise
1750449044.776295,instagram,openedApp,False,1.5,Asia/Kolkata,breathingExercise
1750449119.91063,instagram,openedApp,False,1.5,Asia/Kolkata,breathingExercise
1750449144.670775,instagram,openedApp,False,1.5,Asia/Kolkata,breathingExercise
1750449316.286569,instagram,openedApp,False,1.5,Asia/Kolkata,breathingExercise
1750449370.783081,instagram,openedApp,False,1.5,Asia/Kolkata,breathingExercise
1750449444.080525,instagram,openedApp,False,1.5,Asia/Kolkata,breathingExercise
1750449660.7881389,instagram,openedApp,False,1.5,Asia/Kolkata,breathingExercise
1750449712.741836,instagram,openedApp,False,1.5,Asia/Kolkata,breathingExercise
1750449898.5825238,instagram,openedApp,False,1.5,Asia/Kolkata,breathingExercise
1750450205.869868,instagram,openedApp,False,1.5,Asia/Kolkata,breathingExercise
1750450557.766356,instagram,dismissedAppOpening,False,1.5,Asia/Kolkata,breathingExercise
1750453410.853581,instagram,openedApp,False,1.5,Asia/Kolkata,breathingExercise
1750476658.048249,instagram,openedApp,False,1.5,Asia/Kolkata,breathingExercise
1750478461.043262,instagram,openedApp,False,1.5,Asia/Kolkata,breathingExercise
1750479980.747154,instagram,openedApp,False,1.5,Asia/Kolkata,breathingExercise
1750480538.443421,instagram,openedApp,False,1.5,Asia/Kolkata,breathingExercise
1750482435.4844651,instagram,openedApp,False,1.5,Asia/Kolkata,breathingExercise
1750482830.628648,instagram,dismissedAppOpening,False,1.5,Asia/Kolkata,breathingExercise
1750484767.449398,instagram,openedApp,False,1.5,Asia/Kolkata,breathingExercise
1750486223.093503,instagram,openedApp,False,1.5,Asia/Kolkata,breathingExercise
1750488307.261949,instagram,openedApp,False,1.5,Asia/Kolkata,breathingExercise
1750497810.146514,instagram,openedApp,False,1.5,Asia/Kolkata,breathingExercise
1750516945.6137152,instagram,openedApp,False,1.5,Asia/Kolkata,breathingExercise
1750519331.792636,instagram,openedApp,False,1.5,Asia/Kolkata,breathingExercise
1750524656.144011,instagram,openedApp,False,1.5,Asia/Kolkata,breathingExercise
1750529399.069055,instagram,openedApp,False,1.5,Asia/Kolkata,breathingExercise
1750537762.891298,instagram,openedApp,False,1.5,Asia/Kolkata,breathingExercise
1750541494.947191,instagram,openedApp,False,1.5,Asia/Kolkata,breathingExercise
1750573176.644433,instagram,openedApp,False,1.5,Asia/Kolkata,breathingExercise
1750573278.976101,instagram,openedApp,False,1.5,Asia/Kolkata,breathingExercise
1750573386.518248,instagram,openedApp,False,1.5,Asia/Kolkata,breathingExercise
1750574533.642346,instagram,openedApp,False,1.5,Asia/Kolkata,breathingExercise
1750574919.914339,instagram,openedApp,False,1.5,Asia/Kolkata,breathingExercise
1750576739.793092,instagram,openedApp,False,1.5,Asia/Kolkata,breathingExercise
1750578184.770784,instagram,openedApp,False,1.5,Asia/Kolkata,breathingExercise
1750581361.958358,instagram,openedApp,False,1.5,Asia/Kolkata,breathingExercise
1750597478.890316,instagram,openedApp,False,1.5,Asia/Kolkata,breathingExercise
1750598326.864812,instagram,openedApp,False,1.5,Asia/Kolkata,breathingExercise
1750598537.685217,instagram,openedApp,False,1.5,Asia/Kolkata,breathingExercise
1750605385.1632419,instagram,openedApp,False,1.5,Asia/Kolkata,breathingExercise
1750606435.172141,instagram,dismissedAppOpening,False,1.5,Asia/Kolkata,breathingExercise
1750606441.1653419,instagram,dismissedAppOpening,False,1.5,Asia/Kolkata,breathingExercise
1750606451.8695831,instagram,openedApp,False,1.5,Asia/Kolkata,breathingExercise
1750606562.318826,instagram,openedApp,False,1.5,Asia/Kolkata,breathingExercise
1750606723.824753,instagram,openedApp,False,1.5,Asia/Kolkata,breathingExercise
1750611675.944222,instagram,openedApp,False,1.5,Asia/Kolkata,breathingExercise
1750612115.8472319,instagram,openedApp,False,1.5,Asia/Kolkata,breathingExercise
1750612520.499198,instagram,openedApp,False,1.5,Asia/Kolkata,breathingExercise
1750613131.001251,instagram,openedApp,False,1.5,Asia/Kolkata,breathingExercise
1750613375.037023,instagram,openedApp,False,1.5,Asia/Kolkata,breathingExercise
1750613398.268651,instagram,openedApp,False,1.5,Asia/Kolkata,breathingExercise
1750613453.981215,instagram,openedApp,False,1.5,Asia/Kolkata,breathingExercise
1750613759.802771,instagram,openedApp,False,1.5,Asia/Kolkata,breathingExercise
1750613779.056874,instagram,openedApp,False,1.5,Asia/Kolkata,breathingExercise
1750613797.9454942,instagram,openedApp,False,1.5,Asia/Kolkata,breathingExercise
1750615564.294827,instagram,openedApp,False,1.5,Asia/Kolkata,breathingExercise
1750622038.381266,instagram,openedApp,False,1.5,Asia/Kolkata,breathingExercise
1750623101.604747,instagram,dismissedAppOpening,False,1.5,Asia/Kolkata,breathingExercise
1750664415.386342,instagram,openedApp,False,1.5,Asia/Kolkata,breathingExercise
1750664573.210228,instagram,openedApp,False,1.5,Asia/Kolkata,breathingExercise
1750664610.25569,instagram,openedApp,False,1.5,Asia/Kolkata,breathingExercise
1750670247.326133,instagram,openedApp,False,1.5,Asia/Kolkata,breathingExercise
1750670612.608475,instagram,openedApp,False,1.5,Asia/Kolkata,breathingExercise
1750681235.379236,instagram,dismissedAppOpening,False,1.5,Asia/Kolkata,breathingExercise
1750681244.233319,instagram,openedApp,False,1.5,Asia/Kolkata,breathingExercise
1750681419.214209,instagram,openedApp,False,1.5,Asia/Kolkata,breathingExercise
1750686392.197037,instagram,openedApp,False,1.5,Asia/Kolkata,breathingExercise
1750695197.770329,instagram,openedApp,False,1.5,Asia/Kolkata,breathingExercise
1750704525.8388,instagram,openedApp,False,1.5,Asia/Kolkata,breathingExercise
1750706305.1002579,instagram,dismissedAppOpening,False,1.5,Asia/Kolkata,breathingExercise
1750706311.087223,instagram,openedApp,False,1.5,Asia/Kolkata,breathingExercise
1750707014.658618,instagram,openedApp,False,1.5,Asia/Kolkata,breathingExercise
1750737603.145391,instagram,openedApp,False,1.5,Asia/Kolkata,breathingExercise
1750737716.188365,instagram,openedApp,False,1.5,Asia/Kolkata,breathingExercise
1750737828.6254559,instagram,dismissedAppOpening,False,1.5,Asia/Kolkata,breathingExercise
1750737846.127159,instagram,openedApp,False,1.5,Asia/Kolkata,breathingExercise
1750738493.039814,instagram,openedApp,False,1.5,Asia/Kolkata,breathingExercise
1750738750.0927792,instagram,openedApp,False,1.5,Asia/Kolkata,breathingExercise
1750739463.384362,instagram,openedApp,False,1.5,Asia/Kolkata,breathingExercise
1750739691.246742,instagram,openedApp,False,1.5,Asia/Kolkata,breathingExercise
1750741657.5092978,instagram,openedApp,False,1.5,Asia/Kolkata,breathingExercise
1750745317.429796,instagram,openedApp,False,1.5,Asia/Kolkata,breathingExercise
1750746809.97982,instagram,openedApp,False,1.5,Asia/Kolkata,breathingExercise
1750750167.059313,instagram,openedApp,False,1.5,Asia/Kolkata,breathingExercise
1750751745.7693,instagram,openedApp,False,1.5,Asia/Kolkata,breathingExercise
1750780553.498116,instagram,openedApp,False,1.5,Asia/Kolkata,breathingExercise
1750781529.224549,instagram,openedApp,False,1.5,Asia/Kolkata,breathingExercise
1750783489.8978171,instagram,openedApp,False,1.5,Asia/Kolkata,breathingExercise
1750783574.616662,instagram,openedApp,False,1.5,Asia/Kolkata,breathingExercise
1750786488.06945,instagram,openedApp,False,1.5,Asia/Kolkata,breathingExercise
1750787749.688761,instagram,openedApp,False,1.5,Asia/Kolkata,breathingExercise
1750820183.2591949,instagram,openedApp,False,1.5,Asia/Kolkata,breathingExercise
1750830032.081781,instagram,openedApp,False,1.5,Asia/Kolkata,breathingExercise
1750830298.674292,instagram,openedApp,False,1.5,Asia/Kolkata,breathingExercise
1750834826.308082,instagram,openedApp,False,1.5,Asia/Kolkata,breathingExercise
1750836425.501638,instagram,openedApp,False,1.5,Asia/Kolkata,breathingExercise
1750838375.523068,instagram,openedApp,False,1.5,Asia/Kolkata,breathingExercise
1750842003.6896849,instagram,openedApp,False,1.5,Asia/Kolkata,breathingExercise
1750842379.577654,instagram,openedApp,False,1.5,Asia/Kolkata,breathingExercise
1750842477.433447,instagram,openedApp,False,1.5,Asia/Kolkata,breathingExercise
1750843031.779007,instagram,openedApp,False,1.5,Asia/Kolkata,breathingExercise
1750843093.346631,instagram,openedApp,False,1.5,Asia/Kolkata,breathingExercise
1750843118.594104,instagram,openedApp,False,1.5,Asia/Kolkata,breathingExercise
1750844140.3225121,instagram,openedApp,False,1.5,Asia/Kolkata,breathingExercise
1750849706.6963592,instagram,openedApp,False,1.5,Asia/Kolkata,breathingExercise
1750849874.52169,instagram,openedApp,False,1.5,Asia/Kolkata,breathingExercise
1750864500.298966,instagram,openedApp,False,1.5,Asia/Kolkata,breathingExercise
1750864665.0307899,instagram,openedApp,False,1.5,Asia/Kolkata,breathingExercise
1750864844.9015388,instagram,openedApp,False,1.5,Asia/Kolkata,breathingExercise
1750865011.715993,instagram,openedApp,False,1.5,Asia/Kolkata,breathingExercise
1750865248.7112222,instagram,openedApp,False,1.5,Asia/Kolkata,breathingExercise
1750865348.954649,instagram,openedApp,False,1.5,Asia/Kolkata,breathingExercise
1750865400.153507,instagram,openedApp,False,1.5,Asia/Kolkata,breathingExercise
1750865478.4865541,instagram,openedApp,False,1.5,Asia/Kolkata,breathingExercise
1750865598.766568,instagram,openedApp,False,1.5,Asia/Kolkata,breathingExercise
1750866151.656293,instagram,openedApp,False,1.5,Asia/Kolkata,breathingExercise
1750874228.670682,instagram,openedApp,False,1.5,Asia/Kolkata,breathingExercise
1750874365.2724051,instagram,openedApp,False,1.5,Asia/Kolkata,breathingExercise
1750874379.715392,instagram,openedApp,False,1.5,Asia/Kolkata,breathingExercise
1750874443.094502,instagram,dismissedAppOpening,False,1.5,Asia/Kolkata,breathingExercise
1750874449.5713139,instagram,openedApp,False,1.5,Asia/Kolkata,breathingExercise
1750874483.328549,instagram,openedApp,False,1.5,Asia/Kolkata,breathingExercise
1750874543.4370918,instagram,openedApp,False,1.5,Asia/Kolkata,breathingExercise
1750874603.6757011,instagram,openedApp,False,1.5,Asia/Kolkata,breathingExercise
1750874949.584445,instagram,openedApp,False,1.5,Asia/Kolkata,breathingExercise
1750875119.317796,instagram,openedApp,False,1.5,Asia/Kolkata,breathingExercise
1750875162.281265,instagram,openedApp,False,1.5,Asia/Kolkata,breathingExercise
1750875305.1478171,instagram,openedApp,False,1.5,Asia/Kolkata,breathingExercise
1750875401.381244,instagram,openedApp,False,1.5,Asia/Kolkata,breathingExercise
1750875437.2775779,instagram,dismissedAppOpening,False,1.5,Asia/Kolkata,breathingExercise
1750875721.813842,instagram,openedApp,False,1.5,Asia/Kolkata,breathingExercise
1750875762.7335181,instagram,openedApp,False,1.5,Asia/Kolkata,breathingExercise
1750875830.3548121,instagram,openedApp,False,1.5,Asia/Kolkata,breathingExercise
1750875926.700161,instagram,openedApp,False,1.5,Asia/Kolkata,breathingExercise
1750876163.736702,instagram,openedApp,False,1.5,Asia/Kolkata,breathingExercise
1750876288.338678,instagram,openedApp,False,1.5,Asia/Kolkata,breathingExercise
1750876405.405859,instagram,openedApp,False,1.5,Asia/Kolkata,breathingExercise
1750877925.989038,instagram,openedApp,False,1.5,Asia/Kolkata,breathingExercise
1750877959.358674,instagram,openedApp,False,1.5,Asia/Kolkata,breathingExercise
1750878082.4059381,instagram,openedApp,False,1.5,Asia/Kolkata,breathingExercise
1750878137.9530969,instagram,openedApp,False,1.5,Asia/Kolkata,breathingExercise
1750878233.48166,instagram,openedApp,False,1.5,Asia/Kolkata,breathingExercise
1750878347.473077,instagram,openedApp,False,1.5,Asia/Kolkata,breathingExercise
1750878557.26166,instagram,openedApp,False,1.5,Asia/Kolkata,breathingExercise
1750882232.952049,instagram,openedApp,False,1.5,Asia/Kolkata,breathingExercise
1750911859.058146,instagram,openedApp,False,1.5,Asia/Kolkata,breathingExercise
1750912158.7597132,instagram,openedApp,False,1.5,Asia/Kolkata,breathingExercise
1750915482.079421,instagram,openedApp,False,1.5,Asia/Kolkata,breathingExercise
1750915663.882038,instagram,openedApp,False,1.5,Asia/Kolkata,breathingExercise
1750921428.186662,instagram,openedApp,False,1.5,Asia/Kolkata,breathingExercise
1750921972.355809,instagram,openedApp,False,1.5,Asia/Kolkata,breathingExercise
1750924084.700121,instagram,openedApp,False,1.5,Asia/Kolkata,breathingExercise
1750925253.777097,instagram,openedApp,False,1.5,Asia/Kolkata,breathingExercise
1750928777.8536391,instagram,openedApp,False,1.5,Asia/Kolkata,breathingExercise
1750929600.67184,instagram,openedApp,False,1.5,Asia/Kolkata,breathingExercise
1750929809.906625,instagram,openedApp,False,1.5,Asia/Kolkata,breathingExercise
1750930087.672738,instagram,openedApp,False,1.5,Asia/Kolkata,breathingExercise
1750943232.576308,instagram,openedApp,False,1.5,Asia/Kolkata,breathingExercise
1750946789.955976,instagram,openedApp,False,1.5,Asia/Kolkata,breathingExercise
1750947445.71519,instagram,openedApp,False,1.5,Asia/Kolkata,breathingExercise
1750947810.4050422,instagram,openedApp,False,1.5,Asia/Kolkata,breathingExercise
1750948263.891016,instagram,openedApp,False,1.5,Asia/Kolkata,breathingExercise
1750950565.145819,instagram,openedApp,False,1.5,Asia/Kolkata,breathingExercise
1750951276.3057609,instagram,openedApp,False,1.5,Asia/Kolkata,breathingExercise
1750951376.81131,instagram,openedApp,False,1.5,Asia/Kolkata,breathingExercise
1750951562.250444,instagram,openedApp,False,1.5,Asia/Kolkata,breathingExercise
1750951723.633431,instagram,openedApp,False,1.5,Asia/Kolkata,breathingExercise
1750951984.706352,instagram,openedApp,False,1.5,Asia/Kolkata,breathingExercise
1750952051.9791188,instagram,openedApp,False,1.5,Asia/Kolkata,breathingExercise
1750952293.942148,instagram,openedApp,False,1.5,Asia/Kolkata,breathingExercise
1750953687.185505,instagram,openedApp,False,1.5,Asia/Kolkata,breathingExercise
1750954932.698673,instagram,openedApp,False,1.5,Asia/Kolkata,breathingExercise
1750955376.974922,instagram,dismissedAppOpening,False,1.5,Asia/Kolkata,breathingExercise
1750955898.6752539,instagram,openedApp,False,1.5,Asia/Kolkata,breathingExercise
1750958130.474087,instagram,openedApp,False,1.5,Asia/Kolkata,breathingExercise
1750960332.685195,instagram,openedApp,False,1.5,Asia/Kolkata,breathingExercise
1750962906.5293,instagram,dismissedAppOpening,False,1.5,Asia/Kolkata,breathingExercise
1750962911.773995,instagram,openedApp,False,1.5,Asia/Kolkata,breathingExercise
1750966900.300281,instagram,openedApp,False,1.5,Asia/Kolkata,breathingExercise
1750967625.536279,instagram,openedApp,False,1.5,Asia/Kolkata,breathingExercise
1750967846.149425,instagram,openedApp,False,1.5,Asia/Kolkata,breathingExercise
1750973337.861061,instagram,openedApp,False,1.5,Asia/Kolkata,breathingExercise
1750976126.560276,instagram,openedApp,False,1.5,Asia/Kolkata,breathingExercise
1750994202.81622,instagram,openedApp,False,1.5,Asia/Kolkata,breathingExercise
1750995917.3088589,instagram,openedApp,False,1.5,Asia/Kolkata,breathingExercise
1750996190.284549,instagram,openedApp,False,1.5,Asia/Kolkata,breathingExercise
1750996799.076333,instagram,dismissedAppOpening,False,1.5,Asia/Kolkata,breathingExercise
1750997081.5931811,instagram,openedApp,False,1.5,Asia/Kolkata,breathingExercise
1750997526.306061,instagram,openedApp,False,1.5,Asia/Kolkata,breathingExercise
1751001817.002526,instagram,openedApp,False,1.5,Asia/Kolkata,breathingExercise
1751002418.8554878,instagram,openedApp,False,1.5,Asia/Kolkata,breathingExercise
1751005901.8983212,instagram,openedApp,False,1.5,Asia/Kolkata,breathingExercise
1751007581.6789541,instagram,openedApp,False,1.5,Asia/Kolkata,breathingExercise
1751008264.588093,instagram,openedApp,False,1.5,Asia/Kolkata,breathingExercise
1751009497.239767,instagram,openedApp,False,1.5,Asia/Kolkata,breathingExercise
1751009627.128253,instagram,openedApp,False,1.5,Asia/Kolkata,breathingExercise
1751015115.4189138,instagram,openedApp,False,1.5,Asia/Kolkata,breathingExercise
1751041635.685574,instagram,openedApp,False,1.5,Asia/Kolkata,breathingExercise
1751071724.3139849,instagram,openedApp,False,1.5,Asia/Kolkata,breathingExercise
1751071758.4927502,instagram,openedApp,False,1.5,Asia/Kolkata,breathingExercise
1751079289.170772,instagram,openedApp,False,1.5,Asia/Kolkata,breathingExercise
1751080842.67424,instagram,openedApp,False,1.5,Asia/Kolkata,breathingExercise
1751081364.477583,instagram,openedApp,False,1.5,Asia/Kolkata,breathingExercise
1751081752.6035318,instagram,openedApp,False,1.5,Asia/Kolkata,breathingExercise
1751081873.2429662,instagram,openedApp,False,1.5,Asia/Kolkata,breathingExercise
1751088571.7043939,instagram,openedApp,False,1.5,Asia/Kolkata,breathingExercise
1751088727.0041351,instagram,openedApp,False,1.5,Asia/Kolkata,breathingExercise
1751092666.2119598,instagram,openedApp,False,1.5,Asia/Kolkata,breathingExercise
1751095341.886365,instagram,dismissedAppOpening,False,1.5,Asia/Kolkata,breathingExercise
1751096772.6886191,instagram,openedApp,False,1.5,Asia/Kolkata,breathingExercise
1751114201.599175,instagram,openedApp,False,1.5,Asia/Kolkata,breathingExercise
1751114341.9228659,instagram,openedApp,False,1.5,Asia/Kolkata,breathingExercise
1751117562.08162,instagram,openedApp,False,1.5,Asia/Kolkata,breathingExercise
1751117606.479995,instagram,openedApp,False,1.5,Asia/Kolkata,breathingExercise
1751124798.157311,instagram,openedApp,False,1.5,Asia/Kolkata,breathingExercise
1751125619.288501,instagram,openedApp,False,1.5,Asia/Kolkata,breathingExercise
1751127447.541754,instagram,openedApp,False,1.5,Asia/Kolkata,breathingExercise
1751127486.9538388,instagram,dismissedAppOpening,False,1.5,Asia/Kolkata,breathingExercise
1751127491.518489,instagram,dismissedAppOpening,False,1.5,Asia/Kolkata,breathingExercise
1751131097.25914,instagram,openedApp,False,1.5,Asia/Kolkata,breathingExercise
1751168587.183967,instagram,openedApp,False,1.5,Asia/Kolkata,breathingExercise
1751169248.568778,instagram,openedApp,False,1.5,Asia/Kolkata,breathingExercise
1751169385.610436,instagram,openedApp,False,1.5,Asia/Kolkata,breathingExercise
1751170754.097693,instagram,openedApp,False,1.5,Asia/Kolkata,breathingExercise
1751171194.291665,instagram,openedApp,False,1.5,Asia/Kolkata,breathingExercise
1751172305.670268,instagram,openedApp,False,1.5,Asia/Kolkata,breathingExercise
1751173035.1555371,instagram,openedApp,False,1.5,Asia/Kolkata,breathingExercise
1751174118.973496,instagram,openedApp,False,1.5,Asia/Kolkata,breathingExercise
1751174485.7091122,instagram,openedApp,False,1.5,Asia/Kolkata,breathingExercise
1751176216.700897,instagram,openedApp,False,1.5,Asia/Kolkata,breathingExercise
1751176318.691683,instagram,dismissedAppOpening,False,1.5,Asia/Kolkata,breathingExercise
1751178056.526499,instagram,dismissedAppOpening,False,1.5,Asia/Kolkata,breathingExercise
1751178059.043632,instagram,dismissedAppOpening,False,1.5,Asia/Kolkata,breathingExercise
1751179662.840764,instagram,openedApp,False,1.5,Asia/Kolkata,breathingExercise
1751179679.380518,instagram,openedApp,False,1.5,Asia/Kolkata,breathingExercise
1751179961.578382,instagram,openedApp,False,1.5,Asia/Kolkata,breathingExercise
1751180441.546787,instagram,dismissedAppOpening,False,1.5,Asia/Kolkata,breathingExercise
1751180446.820895,instagram,openedApp,False,1.5,Asia/Kolkata,breathingExercise
1751183726.5426311,instagram,openedApp,False,1.5,Asia/Kolkata,breathingExercise
1751183803.735244,instagram,openedApp,False,1.5,Asia/Kolkata,breathingExercise
1751194268.715537,instagram,openedApp,False,1.5,Asia/Kolkata,breathingExercise
1751194442.555157,instagram,openedApp,False,1.5,Asia/Kolkata,breathingExercise
1751194488.898611,instagram,openedApp,False,1.5,Asia/Kolkata,breathingExercise
1751205813.292173,instagram,openedApp,False,1.5,Asia/Kolkata,breathingExercise
1751206562.434684,instagram,openedApp,False,1.5,Asia/Kolkata,breathingExercise
1751206587.696464,instagram,openedApp,False,1.5,Asia/Kolkata,breathingExercise
1751206619.003395,instagram,openedApp,False,1.5,Asia/Kolkata,breathingExercise
1751206846.728364,instagram,openedApp,False,1.5,Asia/Kolkata,breathingExercise
1751207773.094377,instagram,openedApp,False,1.5,Asia/Kolkata,breathingExercise
1751209218.409991,instagram,openedApp,False,1.5,Asia/Kolkata,breathingExercise
1751210037.419776,instagram,openedApp,False,1.5,Asia/Kolkata,breathingExercise
1751210423.6389508,instagram,openedApp,False,1.5,Asia/Kolkata,breathingExercise
1751215174.93804,instagram,openedApp,False,1.5,Asia/Kolkata,breathingExercise
1751220224.474409,instagram,openedApp,False,1.5,Asia/Kolkata,breathingExercise
1751220273.713448,instagram,openedApp,False,1.5,Asia/Kolkata,breathingExercise
1751220504.89856,instagram,openedApp,False,1.5,Asia/Kolkata,breathingExercise
1751220891.46872,instagram,openedApp,False,1.5,Asia/Kolkata,breathingExercise
1751222599.369841,instagram,openedApp,False,1.5,Asia/Kolkata,breathingExercise
1751222969.080509,instagram,dismissedAppOpening,False,1.5,Asia/Kolkata,breathingExercise
1751225640.995346,instagram,openedApp,False,1.5,Asia/Kolkata,breathingExercise
1751226648.227387,instagram,openedApp,False,1.5,Asia/Kolkata,breathingExercise
1751227093.902714,instagram,openedApp,False,1.5,Asia/Kolkata,breathingExercise
1751227492.088135,instagram,openedApp,False,1.5,Asia/Kolkata,breathingExercise
1751231400.2533622,instagram,openedApp,False,1.5,Asia/Kolkata,breathingExercise
1751233322.42304,instagram,openedApp,False,1.5,Asia/Kolkata,breathingExercise
1751233614.3528829,instagram,openedApp,False,1.5,Asia/Kolkata,breathingExercise
1751233768.61638,instagram,openedApp,False,1.5,Asia/Kolkata,breathingExercise
1751233889.357415,instagram,dismissedAppOpening,False,1.5,Asia/Kolkata,breathingExercise
1751233966.945208,instagram,openedApp,False,1.5,Asia/Kolkata,breathingExercise
1751234124.816234,instagram,openedApp,False,1.5,Asia/Kolkata,breathingExercise
1751234210.066617,instagram,openedApp,False,1.5,Asia/Kolkata,breathingExercise
1751234447.96278,instagram,openedApp,False,1.5,Asia/Kolkata,breathingExercise
1751263532.328289,instagram,openedApp,False,1.5,Asia/Kolkata,breathingExercise
1751264993.0812001,instagram,openedApp,False,1.5,Asia/Kolkata,breathingExercise
1751265191.664418,instagram,openedApp,False,1.5,Asia/Kolkata,breathingExercise
1751265396.5388799,instagram,dismissedAppOpening,False,1.5,Asia/Kolkata,breathingExercise
1751265774.202302,instagram,openedApp,False,1.5,Asia/Kolkata,breathingExercise
1751266939.894476,instagram,openedApp,False,1.5,Asia/Kolkata,breathingExercise
1751272859.484488,instagram,openedApp,False,1.5,Asia/Kolkata,breathingExercise
1751278095.738034,instagram,openedApp,False,1.5,Asia/Kolkata,breathingExercise
1751286340.776536,instagram,openedApp,False,1.5,Asia/Kolkata,breathingExercise
1751286670.042258,instagram,openedApp,False,1.5,Asia/Kolkata,breathingExercise
1751286839.210422,instagram,openedApp,False,1.5,Asia/Kolkata,breathingExercise
1751289025.9679189,instagram,openedApp,False,1.5,Asia/Kolkata,breathingExercise
1751289240.062963,instagram,dismissedAppOpening,False,1.5,Asia/Kolkata,breathingExercise
1751291319.024287,instagram,openedApp,False,1.5,Asia/Kolkata,breathingExercise
1751291382.523319,instagram,openedApp,False,1.5,Asia/Kolkata,breathingExercise
1751291604.7450418,instagram,openedApp,False,1.5,Asia/Kolkata,breathingExercise
1751292988.588803,instagram,openedApp,False,1.5,Asia/Kolkata,breathingExercise
1751293009.8371382,instagram,openedApp,False,1.5,Asia/Kolkata,breathingExercise
1751293170.4250941,instagram,openedApp,False,1.5,Asia/Kolkata,breathingExercise
1751293494.00849,instagram,openedApp,False,1.5,Asia/Kolkata,breathingExercise
1751299237.508325,instagram,openedApp,False,1.5,Asia/Kolkata,breathingExercise
1751299438.837391,instagram,openedApp,False,1.5,Asia/Kolkata,breathingExercise
1751300947.438696,instagram,openedApp,False,1.5,Asia/Kolkata,breathingExercise
1751301976.255285,instagram,dismissedAppOpening,False,1.5,Asia/Kolkata,breathingExercise
1751304056.839854,instagram,openedApp,False,1.5,Asia/Kolkata,breathingExercise
1751304545.469866,instagram,openedApp,False,1.5,Asia/Kolkata,breathingExercise
1751340196.941073,instagram,openedApp,False,1.5,Asia/Kolkata,breathingExercise
1751340778.5550961,instagram,openedApp,False,1.5,Asia/Kolkata,breathingExercise
1751348199.785933,instagram,openedApp,False,1.5,Asia/Kolkata,breathingExercise
1751348315.8400578,instagram,dismissedAppOpening,False,1.5,Asia/Kolkata,breathingExercise
1751348381.354574,instagram,openedApp,False,1.5,Asia/Kolkata,breathingExercise
1751354694.062698,instagram,openedApp,False,1.5,Asia/Kolkata,breathingExercise
1751354738.428451,instagram,openedApp,False,1.5,Asia/Kolkata,breathingExercise
1751365446.5124888,instagram,dismissedAppOpening,False,1.5,Asia/Kolkata,breathingExercise
1751365570.498374,instagram,openedApp,False,1.5,Asia/Kolkata,breathingExercise
1751370948.927392,instagram,openedApp,False,3.0,Asia/Kolkata,breathingExercise
1751372029.821306,instagram,dismissedAppOpening,False,3.0,Asia/Kolkata,breathingExercise
1751372039.843746,instagram,openedApp,False,3.0,Asia/Kolkata,breathingExercise
1751372255.963924,instagram,openedApp,False,3.0,Asia/Kolkata,breathingExercise
1751372790.891193,instagram,openedApp,False,3.0,Asia/Kolkata,breathingExercise
1751375548.789266,instagram,openedApp,False,3.0,Asia/Kolkata,breathingExercise
1751377445.640339,instagram,openedApp,False,3.0,Asia/Kolkata,breathingExercise
1751378263.922655,instagram,openedApp,False,3.0,Asia/Kolkata,breathingExercise
1751378557.618991,instagram,openedApp,False,3.0,Asia/Kolkata,breathingExercise
1751382521.306199,instagram,openedApp,False,3.0,Asia/Kolkata,breathingExercise
1751382751.2405748,instagram,dismissedAppOpening,False,3.0,Asia/Kolkata,breathingExercise
1751383385.3758268,instagram,openedApp,False,3.0,Asia/Kolkata,breathingExercise
1751383418.5026112,instagram,openedApp,False,3.0,Asia/Kolkata,breathingExercise
1751383820.686438,instagram,openedApp,False,3.0,Asia/Kolkata,breathingExercise
1751387699.0432339,instagram,openedApp,False,3.0,Asia/Kolkata,breathingExercise
1751388445.8415918,instagram,openedApp,False,3.0,Asia/Kolkata,breathingExercise
1751390847.7423449,instagram,openedApp,False,3.0,Asia/Kolkata,breathingExercise
1751391130.681607,instagram,openedApp,False,3.0,Asia/Kolkata,breathingExercise
1751430178.207498,instagram,openedApp,False,3.0,Asia/Kolkata,breathingExercise
1751430368.6246781,instagram,openedApp,False,3.0,Asia/Kolkata,breathingExercise
1751433147.177717,instagram,dismissedAppOpening,False,3.0,Asia/Kolkata,breathingExercise
1751433156.254206,instagram,openedApp,False,3.0,Asia/Kolkata,breathingExercise
1751436804.5741181,instagram,openedApp,False,3.0,Asia/Kolkata,breathingExercise
1751436955.975321,instagram,openedApp,False,3.0,Asia/Kolkata,breathingExercise
1751439580.191526,instagram,openedApp,False,3.0,Asia/Kolkata,breathingExercise
1751439894.153874,instagram,openedApp,False,3.0,Asia/Kolkata,breathingExercise
1751439958.0437388,instagram,dismissedAppOpening,False,3.0,Asia/Kolkata,breathingExercise
1751441872.2145839,instagram,dismissedAppOpening,False,3.0,Asia/Kolkata,breathingExercise
1751441880.7505388,instagram,openedApp,False,3.0,Asia/Kolkata,breathingExercise
1751442123.6765208,instagram,dismissedAppOpening,False,3.0,Asia/Kolkata,breathingExercise
1751442696.930128,instagram,openedApp,False,3.0,Asia/Kolkata,breathingExercise
1751442725.3110619,instagram,dismissedAppOpening,False,3.0,Asia/Kolkata,breathingExercise
1751447971.62577,instagram,dismissedAppOpening,False,3.0,Asia/Kolkata,breathingExercise
1751448192.943503,instagram,openedApp,False,3.0,Asia/Kolkata,breathingExercise
1751449923.513082,instagram,openedApp,False,3.0,Asia/Kolkata,breathingExercise
1751452445.29691,instagram,openedApp,False,3.0,Asia/Kolkata,breathingExercise
1751452691.795627,instagram,dismissedAppOpening,False,3.0,Asia/Kolkata,breathingExercise
1751458597.629365,instagram,openedApp,False,3.0,Asia/Kolkata,breathingExercise
1751465311.866737,instagram,openedApp,False,3.0,Asia/Kolkata,breathingExercise
1751465567.618439,instagram,openedApp,False,3.0,Asia/Kolkata,breathingExercise
1751466562.535324,instagram,openedApp,False,3.0,Asia/Kolkata,breathingExercise
1751466953.5266418,instagram,openedApp,False,3.0,Asia/Kolkata,breathingExercise
1751466975.297467,instagram,dismissedAppOpening,False,3.0,Asia/Kolkata,breathingExercise
1751467642.0575771,instagram,openedApp,False,3.0,Asia/Kolkata,breathingExercise
1751473748.714704,instagram,openedApp,False,3.0,Asia/Kolkata,breathingExercise
1751476548.297704,instagram,openedApp,False,3.0,Asia/Kolkata,breathingExercise
1751483236.071589,instagram,openedApp,False,3.0,Asia/Kolkata,breathingExercise
1751515829.349956,instagram,openedApp,False,3.0,Asia/Kolkata,breathingExercise
1751516057.926614,instagram,openedApp,False,3.0,Asia/Kolkata,breathingExercise
1751518492.099739,instagram,openedApp,False,3.0,Asia/Kolkata,breathingExercise
1751518537.898948,instagram,openedApp,False,3.0,Asia/Kolkata,breathingExercise
1751518615.303522,instagram,openedApp,False,3.0,Asia/Kolkata,breathingExercise
1751519557.94017,instagram,openedApp,False,3.0,Asia/Kolkata,breathingExercise
1751519581.53505,instagram,openedApp,False,3.0,Asia/Kolkata,breathingExercise
1751523105.038279,instagram,openedApp,False,3.0,Asia/Kolkata,breathingExercise
1751528744.544862,instagram,openedApp,False,3.0,Asia/Kolkata,breathingExercise
1751530566.068349,instagram,openedApp,False,3.0,Asia/Kolkata,breathingExercise
1751534922.887679,instagram,openedApp,False,3.0,Asia/Kolkata,breathingExercise
1751536812.641439,instagram,openedApp,False,3.0,Asia/Kolkata,breathingExercise
1751537319.206754,instagram,openedApp,False,3.0,Asia/Kolkata,breathingExercise
1751546339.3671331,instagram,openedApp,False,3.0,Asia/Kolkata,breathingExercise
1751547849.759362,instagram,openedApp,False,3.0,Asia/Kolkata,breathingExercise
1751555414.973763,instagram,openedApp,False,3.0,Asia/Kolkata,breathingExercise
1751555948.325767,instagram,openedApp,False,3.0,Asia/Kolkata,breathingExercise
1751558350.03913,instagram,openedApp,False,3.0,Asia/Kolkata,breathingExercise
1751559161.5883,instagram,openedApp,False,3.0,Asia/Kolkata,breathingExercise
1751599340.369903,instagram,openedApp,False,3.0,Asia/Kolkata,breathingExercise
1751602252.225769,instagram,openedApp,False,3.0,Asia/Kolkata,breathingExercise
1751603583.867087,instagram,openedApp,False,3.0,Asia/Kolkata,breathingExercise
1751604403.396275,instagram,openedApp,False,3.0,Asia/Kolkata,breathingExercise
1751612317.695837,instagram,openedApp,False,3.0,Asia/Kolkata,breathingExercise
1751612910.415382,instagram,openedApp,False,3.0,Asia/Kolkata,breathingExercise
1751613991.293829,instagram,openedApp,False,3.0,Asia/Kolkata,breathingExercise
1751614787.501206,instagram,openedApp,False,3.0,Asia/Kolkata,breathingExercise
1751614961.137043,instagram,openedApp,False,3.0,Asia/Kolkata,breathingExercise
1751616025.600471,instagram,openedApp,False,3.0,Asia/Kolkata,breathingExercise
1751623240.023368,instagram,openedApp,False,3.0,Asia/Kolkata,breathingExercise
1751644655.582615,instagram,dismissedAppOpening,False,3.0,Asia/Kolkata,breathingExercise
1751644668.121611,instagram,openedApp,False,3.0,Asia/Kolkata,breathingExercise
1751645576.872688,instagram,openedApp,False,3.0,Asia/Kolkata,breathingExercise
1751652468.73206,instagram,openedApp,False,3.0,Asia/Kolkata,breathingExercise
1751687768.704848,instagram,openedApp,False,3.0,Asia/Kolkata,breathingExercise
1751687915.254304,instagram,openedApp,False,3.0,Asia/Kolkata,breathingExercise
1751688094.7703428,instagram,dismissedAppOpening,False,3.0,Asia/Kolkata,breathingExercise
1751688105.413368,instagram,openedApp,False,3.0,Asia/Kolkata,breathingExercise
1751689178.4944549,instagram,openedApp,False,3.0,Asia/Kolkata,breathingExercise
1751705776.203044,instagram,openedApp,False,3.0,Asia/Kolkata,breathingExercise
1751706780.314042,instagram,openedApp,False,3.0,Asia/Kolkata,breathingExercise
1751730690.411423,instagram,openedApp,False,3.0,Asia/Kolkata,breathingExercise
1751731047.060921,instagram,openedApp,False,3.0,Asia/Kolkata,breathingExercise
1751731201.730511,instagram,openedApp,False,3.0,Asia/Kolkata,breathingExercise
1751735156.398615,instagram,openedApp,False,3.0,Asia/Kolkata,breathingExercise
1751747915.126315,instagram,openedApp,False,3.0,Asia/Kolkata,breathingExercise
1751772291.9605289,instagram,openedApp,False,3.0,Asia/Kolkata,breathingExercise
1751783329.7209811,instagram,openedApp,False,3.0,Asia/Kolkata,breathingExercise
1751789710.9918919,instagram,openedApp,False,3.0,Asia/Kolkata,breathingExercise
1751793637.129321,instagram,openedApp,False,3.0,Asia/Kolkata,breathingExercise
1751817245.184906,instagram,openedApp,False,3.0,Asia/Kolkata,breathingExercise
1751817515.6115851,instagram,openedApp,False,3.0,Asia/Kolkata,breathingExercise
1751830841.199407,instagram,openedApp,False,3.0,Asia/Kolkata,breathingExercise
1751830941.584054,instagram,dismissedAppOpening,False,3.0,Asia/Kolkata,breathingExercise
1751832895.2944732,instagram,openedApp,False,3.0,Asia/Kolkata,breathingExercise
1751833158.188101,instagram,openedApp,False,3.0,Asia/Kolkata,breathingExercise
1751864494.524362,instagram,openedApp,False,3.0,Asia/Kolkata,breathingExercise
1751864653.5596042,instagram,dismissedAppOpening,False,3.0,Asia/Kolkata,breathingExercise
1751869020.949552,instagram,openedApp,False,3.0,Asia/Kolkata,breathingExercise
1751871801.61945,instagram,openedApp,False,3.0,Asia/Kolkata,breathingExercise
1751871953.8834062,instagram,openedApp,False,3.0,Asia/Kolkata,breathingExercise
1751872077.226481,instagram,openedApp,False,3.0,Asia/Kolkata,breathingExercise
1751875575.795024,instagram,openedApp,False,3.0,Asia/Kolkata,breathingExercise
1751877521.209546,instagram,openedApp,False,3.0,Asia/Kolkata,breathingExercise
1751877774.998477,instagram,dismissedAppOpening,False,3.0,Asia/Kolkata,breathingExercise
1751904321.089744,instagram,openedApp,False,3.0,Asia/Kolkata,breathingExercise
1751904933.7905211,instagram,openedApp,False,3.0,Asia/Kolkata,breathingExercise
1751905011.91746,instagram,openedApp,False,3.0,Asia/Kolkata,breathingExercise
1751906425.798897,instagram,openedApp,False,3.0,Asia/Kolkata,breathingExercise
1751906764.924005,instagram,dismissedAppOpening,False,3.0,Asia/Kolkata,breathingExercise
1751906774.2088552,instagram,openedApp,False,3.0,Asia/Kolkata,breathingExercise
1751909878.441786,instagram,openedApp,False,3.0,Asia/Kolkata,breathingExercise
1751913502.6068869,instagram,openedApp,False,3.0,Asia/Kolkata,breathingExercise
1751951665.420813,instagram,openedApp,False,3.0,Asia/Kolkata,breathingExercise
1751952797.249562,instagram,openedApp,False,3.0,Asia/Kolkata,breathingExercise
1751960157.346116,instagram,openedApp,False,3.0,Asia/Kolkata,breathingExercise
1751960347.287574,instagram,openedApp,False,3.0,Asia/Kolkata,breathingExercise
1751960613.529622,instagram,openedApp,False,3.0,Asia/Kolkata,breathingExercise
1751961545.0908499,instagram,openedApp,False,3.0,Asia/Kolkata,breathingExercise
1751961815.077721,instagram,dismissedAppOpening,False,3.0,Asia/Kolkata,breathingExercise
1751967632.507046,instagram,openedApp,False,3.0,Asia/Kolkata,breathingExercise
1751967994.473484,instagram,openedApp,False,3.0,Asia/Kolkata,breathingExercise
1751968116.882379,instagram,openedApp,False,3.0,Asia/Kolkata,breathingExercise
1751972972.137042,instagram,openedApp,False,3.0,Asia/Kolkata,breathingExercise
1751982864.1853251,instagram,openedApp,False,3.0,Asia/Kolkata,breathingExercise
1751983068.01615,instagram,openedApp,False,3.0,Asia/Kolkata,breathingExercise
1751983218.157175,instagram,openedApp,False,3.0,Asia/Kolkata,breathingExercise
1751991446.194623,instagram,openedApp,False,3.0,Asia/Kolkata,breathingExercise
1751991957.005832,instagram,openedApp,False,3.0,Asia/Kolkata,breathingExercise
1751992158.0672522,instagram,openedApp,False,3.0,Asia/Kolkata,breathingExercise
1751992370.9599118,instagram,openedApp,False,3.0,Asia/Kolkata,breathingExercise
1751992739.646678,instagram,openedApp,False,3.0,Asia/Kolkata,breathingExercise
1751992917.0490642,instagram,openedApp,False,3.0,Asia/Kolkata,breathingExercise
1751993061.3865929,instagram,openedApp,False,3.0,Asia/Kolkata,breathingExercise
1751993555.158478,instagram,openedApp,False,3.0,Asia/Kolkata,breathingExercise
1751993614.78363,instagram,openedApp,False,3.0,Asia/Kolkata,breathingExercise
1751997792.453426,instagram,openedApp,False,3.0,Asia/Kolkata,breathingExercise
1751998038.850472,instagram,dismissedAppOpening,False,3.0,Asia/Kolkata,breathingExercise
1751998183.9062781,instagram,openedApp,False,3.0,Asia/Kolkata,breathingExercise
