isReIntervention,timestamp,app,timezone,resolution,interventionType,interventionDuration
False,1750426877.633213,instagram,Europe/Kiev,openedApp,breathingExercise,1.5
False,1750426955.0020308,instagram,Europe/Kiev,openedApp,breathingExercise,1.5
False,1750427168.521522,instagram,Europe/Kiev,openedApp,breathingExercise,1.5
False,1750433605.3347778,instagram,Europe/Kiev,openedApp,breathingExercise,1.5
False,1750433916.362828,instagram,Europe/Kiev,dismissedAppOpening,breathingExercise,1.5
False,1750433979.243689,instagram,Europe/Kiev,openedApp,breathingExercise,1.5
False,1750434105.5627851,instagram,Europe/Kiev,openedApp,breathingExercise,1.5
False,1750434552.143352,instagram,Europe/Kiev,dismissedAppOpening,breathingExercise,1.5
False,1750434943.8833442,instagram,Europe/Kiev,openedApp,breathingExercise,1.5
False,1750436224.4275742,instagram,Europe/Kiev,openedApp,breathingExercise,1.5
False,1750436596.265285,instagram,Europe/Kiev,dismissedAppOpening,breathingExercise,1.5
False,1750436604.7131271,instagram,Europe/Kiev,openedApp,breathingExercise,1.5
False,1750439807.9244618,instagram,Europe/Kiev,openedApp,breathingExercise,1.5
False,1750440131.366787,instagram,Europe/Kiev,dismissedAppOpening,breathingExercise,1.5
False,1750440139.324276,instagram,Europe/Kiev,openedApp,breathingExercise,1.5
False,1750440462.140207,instagram,Europe/Kiev,openedApp,breathingExercise,1.5
False,1750440590.329947,instagram,Europe/Kiev,openedApp,breathingExercise,1.5
False,1750440712.903429,instagram,Europe/Kiev,dismissedAppOpening,breathingExercise,1.5
False,1750440719.0826402,instagram,Europe/Kiev,openedApp,breathingExercise,1.5
False,1750441567.616411,instagram,Europe/Kiev,openedApp,breathingExercise,1.5
False,1750444470.4914088,instagram,Europe/Kiev,openedApp,breathingExercise,1.5
False,1750444672.325179,instagram,Europe/Kiev,openedApp,breathingExercise,1.5
False,1750445002.876008,instagram,Europe/Kiev,openedApp,breathingExercise,1.5
False,1750445540.2142959,instagram,Europe/Kiev,openedApp,breathingExercise,1.5
False,1750447680.275227,instagram,Europe/Kiev,openedApp,breathingExercise,1.5
False,1750447866.242151,instagram,Europe/Kiev,openedApp,breathingExercise,1.5
False,1750448365.630759,instagram,Europe/Kiev,openedApp,breathingExercise,1.5
False,1750451956.0423489,instagram,Europe/Kiev,dismissedAppOpening,breathingExercise,1.5
False,1750452122.628035,instagram,Europe/Kiev,dismissedAppOpening,breathingExercise,1.5
False,1750452484.6513,instagram,Europe/Kiev,openedApp,breathingExercise,1.5
False,1750454305.1426048,instagram,Europe/Kiev,dismissedAppOpening,breathingExercise,1.5
False,1750454307.588459,instagram,Europe/Kiev,dismissedAppOpening,breathingExercise,1.5
False,1750454318.842373,instagram,Europe/Kiev,openedApp,breathingExercise,1.5
False,1750456550.0977569,instagram,Europe/Kiev,openedApp,breathingExercise,1.5
False,1750456998.145739,instagram,Europe/Kiev,openedApp,breathingExercise,1.5
False,1750457349.5359812,instagram,Europe/Kiev,openedApp,breathingExercise,1.5
False,1750499117.3179421,instagram,Europe/Kiev,openedApp,breathingExercise,1.5
False,1750499435.607398,instagram,Europe/Kiev,dismissedAppOpening,breathingExercise,1.5
False,1750499865.430177,instagram,Europe/Kiev,openedApp,breathingExercise,1.5
False,1750500260.931233,instagram,Europe/Kiev,openedApp,breathingExercise,1.5
False,1750501181.94273,instagram,Europe/Kiev,openedApp,breathingExercise,1.5
False,1750501811.868153,instagram,Europe/Kiev,openedApp,breathingExercise,1.5
False,1750502291.1595922,instagram,Europe/Kiev,openedApp,breathingExercise,1.5
False,1750503071.400286,instagram,Europe/Kiev,dismissedAppOpening,breathingExercise,1.5
False,1750506174.210906,instagram,Europe/Kiev,openedApp,breathingExercise,1.5
False,1750521104.6837401,instagram,Europe/Kiev,openedApp,breathingExercise,1.5
False,1750526637.21774,instagram,Europe/Kiev,openedApp,breathingExercise,1.5
False,1750527345.484173,instagram,Europe/Kiev,openedApp,breathingExercise,1.5
False,1750533566.1177301,instagram,Europe/Kiev,openedApp,breathingExercise,1.5
False,1750573922.910708,instagram,Europe/Kiev,openedApp,breathingExercise,1.5
False,1750577705.693702,instagram,Europe/Kiev,openedApp,breathingExercise,1.5
False,1750581563.5575,instagram,Europe/Kiev,dismissedAppOpening,breathingExercise,1.5
False,1750581616.101901,instagram,Europe/Kiev,openedApp,breathingExercise,1.5
False,1750582418.801645,instagram,Europe/Kiev,dismissedAppOpening,breathingExercise,1.5
False,1750582550.2222528,instagram,Europe/Kiev,openedApp,breathingExercise,1.5
False,1750585664.636232,instagram,Europe/Kiev,dismissedAppOpening,breathingExercise,1.5
False,1750586756.100062,instagram,Europe/Kiev,openedApp,breathingExercise,1.5
False,1750591456.154851,instagram,Europe/Kiev,openedApp,breathingExercise,1.5
False,1750593032.808836,instagram,Europe/Kiev,dismissedAppOpening,breathingExercise,1.5
False,1750594192.532897,instagram,Europe/Kiev,dismissedAppOpening,breathingExercise,1.5
False,1750598033.739348,instagram,Europe/Kiev,openedApp,breathingExercise,1.5
False,1750599925.640353,instagram,Europe/Kiev,openedApp,breathingExercise,1.5
False,1750600634.388169,instagram,Europe/Kiev,openedApp,breathingExercise,1.5
False,1750601367.522447,instagram,Europe/Kiev,dismissedAppOpening,breathingExercise,1.5
False,1750601374.069129,instagram,Europe/Kiev,openedApp,breathingExercise,1.5
False,1750617244.106657,instagram,Europe/Kiev,dismissedAppOpening,breathingExercise,1.5
False,1750617346.151557,instagram,Europe/Kiev,openedApp,breathingExercise,1.5
False,1750617386.2279658,instagram,Europe/Kiev,openedApp,breathingExercise,1.5
False,1750621533.76866,instagram,Europe/Kiev,openedApp,breathingExercise,1.5
False,1750622360.626934,instagram,Europe/Kiev,openedApp,breathingExercise,1.5
False,1750624272.90315,instagram,Europe/Kiev,dismissedAppOpening,breathingExercise,1.5
False,1750624279.371208,instagram,Europe/Kiev,openedApp,breathingExercise,1.5
False,1750625339.138359,instagram,Europe/Kiev,openedApp,breathingExercise,1.5
False,1750625756.356868,instagram,Europe/Kiev,openedApp,breathingExercise,1.5
False,1750635168.6212049,instagram,Europe/Kiev,openedApp,breathingExercise,1.5
False,1750635631.353537,instagram,Europe/Kiev,openedApp,breathingExercise,1.5
False,1750647349.44467,instagram,Europe/Kiev,openedApp,breathingExercise,1.5
False,1750650336.152269,instagram,Europe/Kiev,openedApp,breathingExercise,1.5
False,1750651988.448619,instagram,Europe/Kiev,openedApp,breathingExercise,1.5
False,1750656135.71052,instagram,Europe/Kiev,openedApp,breathingExercise,1.5
False,1750661344.761183,instagram,Europe/Kiev,openedApp,breathingExercise,1.5
False,1750661812.744214,instagram,Europe/Kiev,openedApp,breathingExercise,1.5
False,1750662048.80056,instagram,Europe/Kiev,dismissedAppOpening,breathingExercise,1.5
False,1750662051.2845569,instagram,Europe/Kiev,dismissedAppOpening,breathingExercise,1.5
False,1750662541.452824,instagram,Europe/Kiev,openedApp,breathingExercise,1.5
False,1750664739.545552,instagram,Europe/Kiev,dismissedAppOpening,breathingExercise,1.5
False,1750665515.9005442,instagram,Europe/Kiev,dismissedAppOpening,breathingExercise,1.5
False,1750665517.949836,instagram,Europe/Kiev,dismissedAppOpening,breathingExercise,1.5
False,1750666948.0165381,instagram,Europe/Kiev,openedApp,breathingExercise,1.5
False,1750667866.25863,instagram,Europe/Kiev,openedApp,breathingExercise,1.5
False,1750668618.559723,instagram,Europe/Kiev,dismissedAppOpening,breathingExercise,1.5
False,1750668625.384677,instagram,Europe/Kiev,openedApp,breathingExercise,1.5
False,1750671237.98342,instagram,Europe/Kiev,dismissedAppOpening,breathingExercise,1.5
False,1750671243.9628701,instagram,Europe/Kiev,dismissedAppOpening,breathingExercise,1.5
False,1750673959.757659,instagram,Europe/Kiev,openedApp,breathingExercise,1.5
False,1750674078.49538,instagram,Europe/Kiev,openedApp,breathingExercise,1.5
False,1750674167.6287022,instagram,Europe/Kiev,openedApp,breathingExercise,1.5
False,1750675261.081553,instagram,Europe/Kiev,openedApp,breathingExercise,1.5
False,1750676922.5018811,instagram,Europe/Kiev,openedApp,breathingExercise,1.5
False,1750677237.494771,instagram,Europe/Kiev,dismissedAppOpening,breathingExercise,1.5
False,1750678166.067964,instagram,Europe/Kiev,dismissedAppOpening,breathingExercise,1.5
False,1750678610.827756,instagram,Europe/Kiev,dismissedAppOpening,breathingExercise,1.5
False,1750678731.283323,instagram,Europe/Kiev,dismissedAppOpening,breathingExercise,1.5
False,1750678733.335933,instagram,Europe/Kiev,dismissedAppOpening,breathingExercise,1.5
False,1750683971.862808,instagram,Europe/Kiev,dismissedAppOpening,breathingExercise,1.5
False,1750684024.488048,instagram,Europe/Kiev,openedApp,breathingExercise,1.5
False,1750684152.88171,instagram,Europe/Kiev,dismissedAppOpening,breathingExercise,1.5
False,1750684250.695056,instagram,Europe/Kiev,dismissedAppOpening,breathingExercise,1.5
False,1750684278.668798,instagram,Europe/Kiev,dismissedAppOpening,breathingExercise,1.5
False,1750687474.155215,instagram,Europe/Kiev,openedApp,breathingExercise,1.5
False,1750687695.924666,instagram,Europe/Kiev,dismissedAppOpening,breathingExercise,1.5
False,1750687715.634387,instagram,Europe/Kiev,openedApp,breathingExercise,1.5
False,1750688296.7778292,instagram,Europe/Kiev,openedApp,breathingExercise,1.5
False,1750688629.2648458,instagram,Europe/Kiev,openedApp,breathingExercise,1.5
False,1750690208.890332,instagram,Europe/Kiev,dismissedAppOpening,breathingExercise,1.5
False,1750690215.569823,instagram,Europe/Kiev,openedApp,breathingExercise,1.5
False,1750690308.5437078,instagram,Europe/Kiev,dismissedAppOpening,breathingExercise,1.5
False,1750690317.054831,instagram,Europe/Kiev,openedApp,breathingExercise,1.5
False,1750694893.9684181,instagram,Europe/Kiev,openedApp,breathingExercise,1.5
False,1750695653.894393,instagram,Europe/Kiev,openedApp,breathingExercise,1.5
False,1750696229.9206681,instagram,Europe/Kiev,openedApp,breathingExercise,1.5
False,1750696269.131006,instagram,Europe/Kiev,openedApp,breathingExercise,1.5
False,1750703579.572908,instagram,Europe/Kiev,dismissedAppOpening,breathingExercise,1.5
False,1750703601.303218,instagram,Europe/Kiev,openedApp,breathingExercise,1.5
False,1750704576.404945,instagram,Europe/Kiev,openedApp,breathingExercise,1.5
False,1750704921.960207,instagram,Europe/Kiev,openedApp,breathingExercise,1.5
False,1750707272.132299,instagram,Europe/Kiev,openedApp,breathingExercise,1.5
False,1750707692.375756,instagram,Europe/Kiev,openedApp,breathingExercise,1.5
False,1750745247.854903,instagram,Europe/Kiev,openedApp,breathingExercise,1.5
False,1750745303.6039062,instagram,Europe/Kiev,dismissedAppOpening,breathingExercise,1.5
False,1750745310.6679869,instagram,Europe/Kiev,openedApp,breathingExercise,1.5
False,1750745393.028754,instagram,Europe/Kiev,dismissedAppOpening,breathingExercise,1.5
False,1750745549.5983682,instagram,Europe/Kiev,openedApp,breathingExercise,1.5
False,1750745966.651866,instagram,Europe/Kiev,openedApp,breathingExercise,1.5
False,1750746941.5544991,instagram,Europe/Kiev,dismissedAppOpening,breathingExercise,1.5
False,1750750629.7238,instagram,Europe/Kiev,openedApp,breathingExercise,1.5
False,1750751298.207241,instagram,Europe/Kiev,openedApp,breathingExercise,1.5
False,1750752649.255439,instagram,Europe/Kiev,dismissedAppOpening,breathingExercise,1.5
False,1750752658.981996,instagram,Europe/Kiev,openedApp,breathingExercise,1.5
False,1750752876.298877,instagram,Europe/Kiev,dismissedAppOpening,breathingExercise,1.5
False,1750752878.531393,instagram,Europe/Kiev,dismissedAppOpening,breathingExercise,1.5
False,1750757955.508689,instagram,Europe/Kiev,dismissedAppOpening,breathingExercise,1.5
False,1750757958.2443352,instagram,Europe/Kiev,dismissedAppOpening,breathingExercise,1.5
False,1750758125.404351,instagram,Europe/Kiev,dismissedAppOpening,breathingExercise,1.5
False,1750760331.924756,instagram,Europe/Kiev,openedApp,breathingExercise,1.5
False,1750760488.422699,instagram,Europe/Kiev,openedApp,breathingExercise,1.5
False,1750760570.5884938,instagram,Europe/Kiev,dismissedAppOpening,breathingExercise,1.5
False,1750760573.076246,instagram,Europe/Kiev,dismissedAppOpening,breathingExercise,1.5
False,1750760999.5798821,instagram,Europe/Kiev,openedApp,breathingExercise,1.5
False,1750770268.746906,instagram,Europe/Kiev,dismissedAppOpening,breathingExercise,1.5
False,1750770579.764369,instagram,Europe/Kiev,dismissedAppOpening,breathingExercise,1.5
False,1750770641.279789,instagram,Europe/Kiev,dismissedAppOpening,breathingExercise,1.5
False,1750776648.759112,instagram,Europe/Kiev,openedApp,breathingExercise,1.5
False,1750776779.2812428,instagram,Europe/Kiev,dismissedAppOpening,breathingExercise,1.5
False,1750778097.1721091,instagram,Europe/Kiev,openedApp,breathingExercise,1.5
False,1750778963.309891,instagram,Europe/Kiev,dismissedAppOpening,breathingExercise,1.5
False,1750788454.699606,instagram,Europe/Kiev,openedApp,breathingExercise,1.5
False,1750788833.2597752,instagram,Europe/Kiev,openedApp,breathingExercise,1.5
False,1750789546.958154,instagram,Europe/Kiev,openedApp,breathingExercise,1.5
False,1750792540.0436568,instagram,Europe/Kiev,openedApp,breathingExercise,1.5
False,1750793304.1561608,instagram,Europe/Kiev,dismissedAppOpening,breathingExercise,1.5
False,1750793311.152822,instagram,Europe/Kiev,openedApp,breathingExercise,1.5
False,1750805303.43257,instagram,Europe/Kiev,openedApp,breathingExercise,1.5
False,1750824446.5396562,instagram,Europe/Kiev,openedApp,breathingExercise,1.5
False,1750825827.580684,instagram,Europe/Kiev,dismissedAppOpening,breathingExercise,1.5
False,1750832062.2121282,instagram,Europe/Kiev,dismissedAppOpening,breathingExercise,1.5
False,1750836374.063877,instagram,Europe/Kiev,openedApp,breathingExercise,1.5
False,1750838837.084297,instagram,Europe/Kiev,dismissedAppOpening,breathingExercise,1.5
False,1750840461.833324,instagram,Europe/Kiev,openedApp,breathingExercise,1.5
False,1750842061.8388882,instagram,Europe/Kiev,dismissedAppOpening,breathingExercise,1.5
False,1750845473.887708,instagram,Europe/Kiev,openedApp,breathingExercise,1.5
False,1750845573.714353,instagram,Europe/Kiev,openedApp,breathingExercise,1.5
False,1750845787.345568,instagram,Europe/Kiev,dismissedAppOpening,breathingExercise,1.5
False,1750845983.966992,instagram,Europe/Kiev,dismissedAppOpening,breathingExercise,1.5
False,1750845987.366387,instagram,Europe/Kiev,dismissedAppOpening,breathingExercise,1.5
False,1750848575.769703,instagram,Europe/Kiev,dismissedAppOpening,breathingExercise,1.5
False,1750850747.882025,instagram,Europe/Kiev,openedApp,breathingExercise,1.5
False,1750852554.827961,instagram,Europe/Kiev,openedApp,breathingExercise,1.5
False,1750852739.6931682,instagram,Europe/Kiev,dismissedAppOpening,breathingExercise,1.5
False,1750852812.997519,instagram,Europe/Kiev,openedApp,breathingExercise,1.5
False,1750853071.678296,instagram,Europe/Kiev,openedApp,breathingExercise,1.5
False,1750859516.264728,instagram,Europe/Kiev,openedApp,breathingExercise,1.5
False,1750861990.8257132,instagram,Europe/Kiev,openedApp,breathingExercise,1.5
False,1750862343.1931748,instagram,Europe/Kiev,openedApp,breathingExercise,1.5
False,1750863203.27724,instagram,Europe/Kiev,dismissedAppOpening,breathingExercise,1.5
False,1750869177.260696,instagram,Europe/Kiev,dismissedAppOpening,breathingExercise,1.5
False,1750869413.963268,instagram,Europe/Kiev,dismissedAppOpening,breathingExercise,1.5
False,1750870824.430282,instagram,Europe/Kiev,openedApp,breathingExercise,1.5
False,1750872247.795455,instagram,Europe/Kiev,openedApp,breathingExercise,1.5
False,1750874254.853013,instagram,Europe/Kiev,openedApp,breathingExercise,1.5
False,1750874416.008749,instagram,Europe/Kiev,dismissedAppOpening,breathingExercise,1.5
False,1750874421.4603791,instagram,Europe/Kiev,openedApp,breathingExercise,1.5
False,1750876485.897486,instagram,Europe/Kiev,openedApp,breathingExercise,1.5
False,1750877485.2936459,instagram,Europe/Kiev,dismissedAppOpening,breathingExercise,1.5
False,1750878129.205418,instagram,Europe/Kiev,openedApp,breathingExercise,1.5
False,1750878603.433567,instagram,Europe/Kiev,openedApp,breathingExercise,1.5
False,1750880533.007155,instagram,Europe/Kiev,dismissedAppOpening,breathingExercise,1.5
False,1750882579.16715,instagram,Europe/Kiev,openedApp,breathingExercise,1.5
False,1750883784.005522,instagram,Europe/Kiev,dismissedAppOpening,breathingExercise,1.5
False,1750919573.491714,instagram,Europe/Kiev,openedApp,breathingExercise,1.5
False,1750923480.042053,instagram,Europe/Kiev,dismissedAppOpening,breathingExercise,1.5
False,1750924113.208383,instagram,Europe/Kiev,openedApp,breathingExercise,1.5
False,1750924911.3311749,instagram,Europe/Kiev,openedApp,breathingExercise,1.5
False,1750927206.441246,instagram,Europe/Kiev,dismissedAppOpening,breathingExercise,1.5
False,1750927211.945075,instagram,Europe/Kiev,openedApp,breathingExercise,1.5
False,1750927325.134332,instagram,Europe/Kiev,openedApp,breathingExercise,1.5
False,1750927624.415942,instagram,Europe/Kiev,openedApp,breathingExercise,1.5
False,1750927775.943701,instagram,Europe/Kiev,openedApp,breathingExercise,1.5
False,1750928042.505044,instagram,Europe/Kiev,openedApp,breathingExercise,1.5
False,1750929422.134369,instagram,Europe/Kiev,openedApp,breathingExercise,1.5
False,1750930214.823652,instagram,Europe/Kiev,dismissedAppOpening,breathingExercise,1.5
False,1750930291.2752008,instagram,Europe/Kiev,dismissedAppOpening,breathingExercise,1.5
False,1750931024.971764,instagram,Europe/Kiev,openedApp,breathingExercise,1.5
False,1750931714.576026,instagram,Europe/Kiev,openedApp,breathingExercise,1.5
False,1750931831.051235,instagram,Europe/Kiev,openedApp,breathingExercise,1.5
False,1750933043.28544,instagram,Europe/Kiev,openedApp,breathingExercise,1.5
False,1750943217.098954,instagram,Europe/Kiev,openedApp,breathingExercise,1.5
False,1750943467.6887798,instagram,Europe/Kiev,dismissedAppOpening,breathingExercise,1.5
False,1750943733.591918,instagram,Europe/Kiev,dismissedAppOpening,breathingExercise,1.5
False,1750943735.8476439,instagram,Europe/Kiev,dismissedAppOpening,breathingExercise,1.5
False,1750944179.674864,instagram,Europe/Kiev,openedApp,breathingExercise,1.5
False,1750945146.260895,instagram,Europe/Kiev,openedApp,breathingExercise,1.5
False,1750950108.533324,instagram,Europe/Kiev,openedApp,breathingExercise,1.5
False,1750951333.951682,instagram,Europe/Kiev,openedApp,breathingExercise,1.5
False,1750951403.4598088,instagram,Europe/Kiev,dismissedAppOpening,breathingExercise,1.5
False,1750951411.661614,instagram,Europe/Kiev,openedApp,breathingExercise,1.5
False,1750952273.271945,instagram,Europe/Kiev,dismissedAppOpening,breathingExercise,1.5
False,1750954379.9888802,instagram,Europe/Kiev,openedApp,breathingExercise,1.5
False,1750954532.7250261,instagram,Europe/Kiev,dismissedAppOpening,breathingExercise,1.5
False,1750954538.703357,instagram,Europe/Kiev,openedApp,breathingExercise,1.5
False,1750958204.2009768,instagram,Europe/Kiev,openedApp,breathingExercise,1.5
False,1750962634.5651221,instagram,Europe/Kiev,openedApp,breathingExercise,1.5
False,1751011524.0317369,instagram,Europe/Kiev,dismissedAppOpening,breathingExercise,1.5
False,1751011529.765071,instagram,Europe/Kiev,openedApp,breathingExercise,1.5
False,1751013358.67537,instagram,Europe/Kiev,dismissedAppOpening,breathingExercise,1.5
False,1751013364.318835,instagram,Europe/Kiev,dismissedAppOpening,breathingExercise,1.5
False,1751018339.6082869,instagram,Europe/Kiev,openedApp,breathingExercise,1.5
False,1751019259.9951859,instagram,Europe/Kiev,openedApp,breathingExercise,1.5
False,1751019440.545608,instagram,Europe/Kiev,openedApp,breathingExercise,1.5
False,1751022779.0713859,instagram,Europe/Kiev,openedApp,breathingExercise,1.5
False,1751023591.169517,instagram,Europe/Kiev,openedApp,breathingExercise,1.5
False,1751025617.8334908,instagram,Europe/Kiev,openedApp,breathingExercise,1.5
False,1751027813.217441,instagram,Europe/Kiev,openedApp,breathingExercise,1.5
False,1751027978.896977,instagram,Europe/Kiev,openedApp,breathingExercise,1.5
False,1751029471.039937,instagram,Europe/Kiev,openedApp,breathingExercise,1.5
False,1751030006.304853,instagram,Europe/Kiev,openedApp,breathingExercise,1.5
False,1751030192.4224281,instagram,Europe/Kiev,openedApp,breathingExercise,1.5
False,1751030740.143744,instagram,Europe/Kiev,openedApp,breathingExercise,1.5
False,1751031156.961724,instagram,Europe/Kiev,openedApp,breathingExercise,1.5
False,1751031234.310834,instagram,Europe/Kiev,openedApp,breathingExercise,1.5
False,1751032479.967799,instagram,Europe/Kiev,openedApp,breathingExercise,1.5
False,1751033891.504843,instagram,Europe/Kiev,openedApp,breathingExercise,1.5
False,1751034661.712259,instagram,Europe/Kiev,openedApp,breathingExercise,1.5
False,1751043722.010137,instagram,Europe/Kiev,openedApp,breathingExercise,1.5
False,1751045190.201535,instagram,Europe/Kiev,openedApp,breathingExercise,1.5
False,1751046781.90197,instagram,Europe/Kiev,openedApp,breathingExercise,1.5
False,1751049637.077129,instagram,Europe/Kiev,dismissedAppOpening,breathingExercise,1.5
False,1751049860.920464,instagram,Europe/Kiev,openedApp,breathingExercise,1.5
False,1751051747.39309,instagram,Europe/Kiev,openedApp,breathingExercise,1.5
False,1751054798.458695,instagram,Europe/Kiev,openedApp,breathingExercise,1.5
False,1751096094.670481,instagram,Europe/Kiev,openedApp,breathingExercise,1.5
False,1751096532.842762,instagram,Europe/Kiev,openedApp,breathingExercise,1.5
False,1751097802.973146,instagram,Europe/Kiev,openedApp,breathingExercise,1.5
False,1751097884.863812,instagram,Europe/Kiev,openedApp,breathingExercise,1.5
False,1751098358.266901,instagram,Europe/Kiev,openedApp,breathingExercise,1.5
False,1751099768.894182,instagram,Europe/Kiev,openedApp,breathingExercise,1.5
False,1751101774.314234,instagram,Europe/Kiev,openedApp,breathingExercise,1.5
False,1751102369.887778,instagram,Europe/Kiev,openedApp,breathingExercise,1.5
False,1751106101.350992,instagram,Europe/Kiev,dismissedAppOpening,breathingExercise,1.5
False,1751106107.793305,instagram,Europe/Kiev,openedApp,breathingExercise,1.5
False,1751106470.605492,instagram,Europe/Kiev,openedApp,breathingExercise,1.5
False,1751110583.340008,instagram,Europe/Kiev,openedApp,breathingExercise,1.5
False,1751111563.191739,instagram,Europe/Kiev,openedApp,breathingExercise,1.5
False,1751112211.012906,instagram,Europe/Kiev,dismissedAppOpening,breathingExercise,1.5
False,1751112284.279807,instagram,Europe/Kiev,openedApp,breathingExercise,1.5
False,1751116037.71825,instagram,Europe/Kiev,openedApp,breathingExercise,1.5
False,1751118124.365243,instagram,Europe/Kiev,openedApp,breathingExercise,1.5
False,1751118551.876471,instagram,Europe/Kiev,openedApp,breathingExercise,1.5
False,1751125148.4824262,instagram,Europe/Kiev,openedApp,breathingExercise,1.5
False,1751131755.188465,instagram,Europe/Kiev,openedApp,breathingExercise,1.5
False,1751133957.762644,instagram,Europe/Kiev,openedApp,breathingExercise,1.5
False,1751139331.821372,instagram,Europe/Kiev,openedApp,breathingExercise,1.5
False,1751142183.423874,instagram,Europe/Kiev,dismissedAppOpening,breathingExercise,1.5
False,1751178632.492052,instagram,Europe/Kiev,openedApp,breathingExercise,1.5
False,1751181787.8306909,instagram,Europe/Kiev,dismissedAppOpening,breathingExercise,1.5
False,1751184217.841188,instagram,Europe/Kiev,openedApp,breathingExercise,1.5
False,1751191246.082483,instagram,Europe/Kiev,openedApp,breathingExercise,1.5
False,1751195916.759886,instagram,Europe/Kiev,openedApp,breathingExercise,1.5
False,1751196427.270813,instagram,Europe/Kiev,openedApp,breathingExercise,1.5
False,1751200449.3630219,instagram,Europe/Kiev,openedApp,breathingExercise,1.5
False,1751200612.593427,instagram,Europe/Kiev,openedApp,breathingExercise,1.5
False,1751203051.945644,instagram,Europe/Kiev,openedApp,breathingExercise,1.5
False,1751205427.401659,instagram,Europe/Kiev,openedApp,breathingExercise,1.5
False,1751206859.511217,instagram,Europe/Kiev,openedApp,breathingExercise,1.5
False,1751208915.833702,instagram,Europe/Kiev,openedApp,breathingExercise,1.5
False,1751209606.7368999,instagram,Europe/Kiev,openedApp,breathingExercise,1.5
False,1751216205.982754,instagram,Europe/Kiev,dismissedAppOpening,breathingExercise,1.5
False,1751219636.4930239,instagram,Europe/Kiev,openedApp,breathingExercise,1.5
False,1751225380.9102511,instagram,Europe/Kiev,openedApp,breathingExercise,1.5
False,1751225832.447423,instagram,Europe/Kiev,dismissedAppOpening,breathingExercise,1.5
False,1751225840.276989,instagram,Europe/Kiev,openedApp,breathingExercise,1.5
False,1751225936.283949,instagram,Europe/Kiev,openedApp,breathingExercise,1.5
False,1751252558.2180939,instagram,Europe/Kiev,dismissedAppOpening,breathingExercise,1.5
False,1751252565.524747,instagram,Europe/Kiev,openedApp,breathingExercise,1.5
False,1751256723.914768,instagram,Europe/Kiev,openedApp,breathingExercise,1.5
False,1751263873.409653,instagram,Europe/Kiev,openedApp,breathingExercise,1.5
False,1751268109.712744,instagram,Europe/Kiev,openedApp,breathingExercise,1.5
False,1751268950.838942,instagram,Europe/Kiev,dismissedAppOpening,breathingExercise,1.5
False,1751273107.071913,instagram,Europe/Kiev,openedApp,breathingExercise,1.5
False,1751274289.656991,instagram,Europe/Kiev,openedApp,breathingExercise,1.5
False,1751275554.466486,instagram,Europe/Kiev,openedApp,breathingExercise,1.5
False,1751286297.816715,instagram,Europe/Kiev,openedApp,breathingExercise,1.5
False,1751286578.643619,instagram,Europe/Kiev,openedApp,breathingExercise,1.5
False,1751287907.688318,instagram,Europe/Kiev,openedApp,breathingExercise,1.5
False,1751292374.56277,instagram,Europe/Kiev,openedApp,breathingExercise,1.5
False,1751296038.0243669,instagram,Europe/Kiev,openedApp,breathingExercise,1.5
False,1751296807.017369,instagram,Europe/Kiev,openedApp,breathingExercise,1.5
False,1751297069.954081,instagram,Europe/Kiev,openedApp,breathingExercise,1.5
False,1751297701.2572799,instagram,Europe/Kiev,openedApp,breathingExercise,1.5
False,1751300426.640314,instagram,Europe/Kiev,openedApp,breathingExercise,1.5
False,1751305290.6579828,instagram,Europe/Kiev,openedApp,breathingExercise,1.5
False,1751305599.85941,instagram,Europe/Kiev,openedApp,breathingExercise,1.5
False,1751305679.8620892,instagram,Europe/Kiev,openedApp,breathingExercise,1.5
False,1751306370.903296,instagram,Europe/Kiev,openedApp,breathingExercise,1.5
False,1751306852.179702,instagram,Europe/Kiev,openedApp,breathingExercise,1.5
False,1751307233.519007,instagram,Europe/Kiev,openedApp,breathingExercise,1.5
False,1751307991.443768,instagram,Europe/Kiev,openedApp,breathingExercise,1.5
False,1751308112.6132321,instagram,Europe/Kiev,openedApp,breathingExercise,1.5
False,1751310296.477767,instagram,Europe/Kiev,openedApp,breathingExercise,1.5
False,1751310774.781824,instagram,Europe/Kiev,openedApp,breathingExercise,1.5
False,1751348469.251826,instagram,Europe/Kiev,openedApp,breathingExercise,1.5
False,1751355261.568706,instagram,Europe/Kiev,openedApp,breathingExercise,1.5
False,1751374053.900193,instagram,Europe/Kiev,openedApp,breathingExercise,1.5
False,1751375122.826044,instagram,Europe/Kiev,dismissedAppOpening,breathingExercise,1.5
False,1751375834.441187,instagram,Europe/Kiev,openedApp,breathingExercise,1.5
False,1751376426.19677,instagram,Europe/Kiev,openedApp,breathingExercise,1.5
False,1751384707.444944,instagram,Europe/Kiev,openedApp,breathingExercise,1.5
False,1751385041.47595,instagram,Europe/Kiev,openedApp,breathingExercise,1.5
False,1751385394.5060291,instagram,Europe/Kiev,openedApp,breathingExercise,1.5
False,1751385778.805443,instagram,Europe/Kiev,dismissedAppOpening,breathingExercise,1.5
False,1751385791.446794,instagram,Europe/Kiev,dismissedAppOpening,breathingExercise,1.5
False,1751385902.552219,instagram,Europe/Kiev,openedApp,breathingExercise,1.5
False,1751387451.980603,instagram,Europe/Kiev,openedApp,breathingExercise,1.5
False,1751388141.704805,instagram,Europe/Kiev,openedApp,breathingExercise,1.5
False,1751390073.843855,instagram,Europe/Kiev,openedApp,breathingExercise,1.5
False,1751390421.3707871,instagram,Europe/Kiev,openedApp,breathingExercise,1.5
False,1751396027.2361689,instagram,Europe/Kiev,openedApp,breathingExercise,1.5
False,1751398055.667427,instagram,Europe/Kiev,openedApp,breathingExercise,1.5
False,1751399356.975143,instagram,Europe/Kiev,dismissedAppOpening,breathingExercise,1.5
False,1751400534.714036,instagram,Europe/Kiev,openedApp,breathingExercise,1.5
False,1751406389.389962,instagram,Europe/Kiev,openedApp,breathingExercise,1.5
False,1751435823.613378,instagram,Europe/Kiev,openedApp,breathingExercise,1.5
False,1751436984.8910952,instagram,Europe/Kiev,openedApp,breathingExercise,1.5
False,1751438983.326242,instagram,Europe/Kiev,openedApp,breathingExercise,1.5
False,1751446567.211014,instagram,Europe/Kiev,openedApp,breathingExercise,1.5
False,1751448321.6127648,instagram,Europe/Kiev,openedApp,breathingExercise,1.5
False,1751448572.4364429,instagram,Europe/Kiev,openedApp,breathingExercise,1.5
False,1751449137.173225,instagram,Europe/Kiev,dismissedAppOpening,breathingExercise,1.5
False,1751449537.201859,instagram,Europe/Kiev,openedApp,breathingExercise,1.5
False,1751457695.201611,instagram,Europe/Kiev,dismissedAppOpening,breathingExercise,1.5
False,1751457767.059814,instagram,Europe/Kiev,openedApp,breathingExercise,1.5
False,1751460735.292111,instagram,Europe/Kiev,openedApp,breathingExercise,1.5
False,1751460829.904803,instagram,Europe/Kiev,openedApp,breathingExercise,1.5
False,1751462729.180575,instagram,Europe/Kiev,openedApp,breathingExercise,1.5
False,1751463203.080278,instagram,Europe/Kiev,openedApp,breathingExercise,1.5
False,1751464073.799181,instagram,Europe/Kiev,openedApp,breathingExercise,1.5
False,1751464364.5981688,instagram,Europe/Kiev,openedApp,breathingExercise,1.5
False,1751466828.489046,instagram,Europe/Kiev,openedApp,breathingExercise,1.5
False,1751469443.224042,instagram,Europe/Kiev,openedApp,breathingExercise,1.5
False,1751473981.03129,instagram,Europe/Kiev,openedApp,breathingExercise,1.5
False,1751481109.7552938,instagram,Europe/Kiev,openedApp,breathingExercise,1.5
False,1751482956.711679,instagram,Europe/Kiev,openedApp,breathingExercise,1.5
False,1751484118.649846,instagram,Europe/Kiev,openedApp,breathingExercise,1.5
False,1751484957.761513,instagram,Europe/Kiev,dismissedAppOpening,breathingExercise,1.5
False,1751518480.229189,instagram,Europe/Kiev,openedApp,breathingExercise,1.5
False,1751521149.366465,instagram,Europe/Kiev,dismissedAppOpening,breathingExercise,1.5
False,1751522935.3236141,instagram,Europe/Kiev,openedApp,breathingExercise,1.5
False,1751524662.4823709,instagram,Europe/Kiev,openedApp,breathingExercise,1.5
False,1751529420.228627,instagram,Europe/Kiev,openedApp,breathingExercise,1.5
False,1751531557.887011,instagram,Europe/Kiev,openedApp,breathingExercise,1.5
False,1751534407.924582,instagram,Europe/Kiev,dismissedAppOpening,breathingExercise,1.5
False,1751535647.018746,instagram,Europe/Kiev,dismissedAppOpening,breathingExercise,1.5
False,1751535655.683494,instagram,Europe/Kiev,openedApp,breathingExercise,1.5
False,1751535850.3902159,instagram,Europe/Kiev,openedApp,breathingExercise,1.5
False,1751535955.722049,instagram,Europe/Kiev,dismissedAppOpening,breathingExercise,1.5
False,1751536222.541788,instagram,Europe/Kiev,openedApp,breathingExercise,1.5
False,1751536303.1116672,instagram,Europe/Kiev,dismissedAppOpening,breathingExercise,1.5
False,1751537878.092047,instagram,Europe/Kiev,openedApp,breathingExercise,1.5
False,1751551767.625839,instagram,Europe/Kiev,openedApp,breathingExercise,1.5
False,1751552303.48521,instagram,Europe/Kiev,openedApp,breathingExercise,1.5
False,1751553559.113017,instagram,Europe/Kiev,openedApp,breathingExercise,1.5
False,1751554315.350138,instagram,Europe/Kiev,openedApp,breathingExercise,1.5
False,1751559908.609587,instagram,Europe/Kiev,openedApp,breathingExercise,1.5
False,1751561501.6667871,instagram,Europe/Kiev,dismissedAppOpening,breathingExercise,1.5
False,1751563313.57617,instagram,Europe/Kiev,openedApp,breathingExercise,1.5
False,1751564016.0741959,instagram,Europe/Kiev,openedApp,breathingExercise,1.5
False,1751565058.681942,instagram,Europe/Kiev,openedApp,breathingExercise,1.5
False,1751565893.279103,instagram,Europe/Kiev,openedApp,breathingExercise,1.5
False,1751566838.021113,instagram,Europe/Kiev,openedApp,breathingExercise,1.5
False,1751567125.423088,instagram,Europe/Kiev,openedApp,breathingExercise,1.5
False,1751568957.749238,instagram,Europe/Kiev,dismissedAppOpening,breathingExercise,1.5
False,1751578785.119462,instagram,Europe/Kiev,openedApp,breathingExercise,1.5
False,1751579163.372126,instagram,Europe/Kiev,openedApp,breathingExercise,1.5
False,1751580537.646224,instagram,Europe/Kiev,openedApp,breathingExercise,1.5
False,1751581029.5227919,instagram,Europe/Kiev,openedApp,breathingExercise,1.5
False,1751581813.811263,instagram,Europe/Kiev,openedApp,breathingExercise,1.5
False,1751581984.715169,instagram,Europe/Kiev,openedApp,breathingExercise,1.5
False,1751582153.753396,instagram,Europe/Kiev,openedApp,breathingExercise,1.5
False,1751585521.040031,instagram,Europe/Kiev,openedApp,breathingExercise,1.5
False,1751612085.038626,instagram,Europe/Kiev,dismissedAppOpening,breathingExercise,1.5
False,1751612549.059019,instagram,Europe/Kiev,openedApp,breathingExercise,1.5
False,1751613038.134649,instagram,Europe/Kiev,openedApp,breathingExercise,1.5
False,1751614386.468546,instagram,Europe/Kiev,openedApp,breathingExercise,1.5
False,1751615352.6228309,instagram,Europe/Kiev,openedApp,breathingExercise,1.5
False,1751618057.830445,instagram,Europe/Kiev,openedApp,breathingExercise,1.5
False,1751618208.279673,instagram,Europe/Kiev,openedApp,breathingExercise,1.5
False,1751618391.1522279,instagram,Europe/Kiev,openedApp,breathingExercise,1.5
False,1751618871.780657,instagram,Europe/Kiev,openedApp,breathingExercise,1.5
False,1751619065.7020001,instagram,Europe/Kiev,openedApp,breathingExercise,1.5
False,1751622049.550486,instagram,Europe/Kiev,openedApp,breathingExercise,1.5
False,1751623012.336234,instagram,Europe/Kiev,dismissedAppOpening,breathingExercise,1.5
False,1751623055.196055,instagram,Europe/Kiev,dismissedAppOpening,breathingExercise,1.5
False,1751623376.4931788,instagram,Europe/Kiev,openedApp,breathingExercise,1.5
False,1751623760.646481,instagram,Europe/Kiev,openedApp,breathingExercise,1.5
False,1751624005.909451,instagram,Europe/Kiev,openedApp,breathingExercise,1.5
False,1751624156.388006,instagram,Europe/Kiev,openedApp,breathingExercise,1.5
False,1751626257.23893,instagram,Europe/Kiev,openedApp,breathingExercise,1.5
False,1751626783.811599,instagram,Europe/Kiev,openedApp,breathingExercise,1.5
False,1751626860.4393559,instagram,Europe/Kiev,openedApp,breathingExercise,1.5
False,1751627828.814773,instagram,Europe/Kiev,openedApp,breathingExercise,1.5
False,1751630447.0749512,instagram,Europe/Kiev,openedApp,breathingExercise,1.5
False,1751630729.578114,instagram,Europe/Kiev,openedApp,breathingExercise,1.5
False,1751986706.204176,instagram,Europe/Kiev,dismissedAppOpening,breathingExercise,6.0
False,1751991057.8670468,instagram,Europe/Kiev,openedApp,breathingExercise,6.0
False,1751992257.1700559,instagram,Europe/Kiev,openedApp,breathingExercise,6.0
False,1751994910.945681,instagram,Europe/Kiev,openedApp,breathingExercise,6.0
False,1752000038.00981,instagram,Europe/Chisinau,openedApp,breathingExercise,6.0
False,1752000453.637425,instagram,Europe/Kiev,openedApp,breathingExercise,6.0
False,1752000780.43821,instagram,Europe/Kiev,openedApp,breathingExercise,6.0
False,1752001707.5916228,instagram,Europe/Kiev,openedApp,breathingExercise,6.0
False,1752002268.405034,instagram,Europe/Kiev,dismissedAppOpening,breathingExercise,6.0
False,1752002406.0628638,instagram,Europe/Kiev,openedApp,breathingExercise,6.0
False,1752003779.4059181,instagram,Europe/Kiev,openedApp,breathingExercise,6.0
False,1752009917.3399749,instagram,Europe/Kiev,openedApp,breathingExercise,6.0
False,1752039288.247994,instagram,Europe/Kiev,openedApp,breathingExercise,6.0
False,1752040456.9851232,instagram,Europe/Kiev,openedApp,breathingExercise,6.0
False,1752042067.138928,instagram,Europe/Kiev,dismissedAppOpening,breathingExercise,6.0
False,1752043510.345448,instagram,Europe/Kiev,openedApp,breathingExercise,6.0
False,1752043989.1949,instagram,Europe/Kiev,dismissedAppOpening,breathingExercise,6.0
False,1752044011.4670181,instagram,Europe/Kiev,dismissedAppOpening,breathingExercise,6.0
False,1752044027.089752,instagram,Europe/Kiev,openedApp,breathingExercise,6.0
False,1752045571.126365,instagram,Europe/Kiev,openedApp,breathingExercise,6.0
False,1752045832.925621,instagram,Europe/Kiev,dismissedAppOpening,breathingExercise,6.0
False,1752045912.229621,instagram,Europe/Kiev,openedApp,breathingExercise,6.0
False,1752061235.5003061,instagram,Europe/Kiev,dismissedAppOpening,breathingExercise,6.0
False,1752061254.4522839,instagram,Europe/Kiev,openedApp,breathingExercise,6.0
False,1752061791.0764341,instagram,Europe/Kiev,openedApp,breathingExercise,6.0
False,1752063504.7907,instagram,Europe/Kiev,openedApp,breathingExercise,6.0
False,1752063702.3542318,instagram,Europe/Kiev,dismissedAppOpening,breathingExercise,6.0
False,1752063911.915052,instagram,Europe/Kiev,dismissedAppOpening,breathingExercise,6.0
False,1752064321.6068358,instagram,Europe/Kiev,openedApp,breathingExercise,6.0
False,1752067613.885371,instagram,Europe/Kiev,openedApp,breathingExercise,6.0
False,1752068026.039779,instagram,Europe/Kiev,openedApp,breathingExercise,6.0
False,1752068352.2250109,instagram,Europe/Kiev,dismissedAppOpening,breathingExercise,6.0
False,1752068371.2882981,instagram,Europe/Kiev,openedApp,breathingExercise,6.0
False,1752077993.2035398,instagram,Europe/Kiev,openedApp,breathingExercise,6.0
False,1752078428.430283,instagram,Europe/Kiev,dismissedAppOpening,breathingExercise,6.0
False,1752081162.531909,instagram,Europe/Kiev,openedApp,breathingExercise,6.0
False,1752081753.057493,instagram,Europe/Kiev,dismissedAppOpening,breathingExercise,6.0
False,1752081849.5093942,instagram,Europe/Kiev,openedApp,breathingExercise,6.0
False,1752083180.6315398,instagram,Europe/Kiev,dismissedAppOpening,breathingExercise,6.0
False,1752083382.608649,instagram,Europe/Kiev,openedApp,breathingExercise,6.0
False,1752083597.503377,instagram,Europe/Kiev,openedApp,breathingExercise,6.0
False,1752084891.363219,instagram,Europe/Kiev,openedApp,breathingExercise,6.0
False,1752085370.945427,instagram,Europe/Kiev,dismissedAppOpening,breathingExercise,6.0
False,1752085457.367693,instagram,Europe/Kiev,openedApp,breathingExercise,6.0
False,1752086562.676962,instagram,Europe/Kiev,openedApp,breathingExercise,6.0
False,1752102098.0454001,instagram,Europe/Kiev,openedApp,breathingExercise,6.0
False,1752104099.013346,instagram,Europe/Kiev,openedApp,breathingExercise,6.0
False,1752104206.6775641,instagram,Europe/Kiev,openedApp,breathingExercise,6.0
False,1752133592.485907,instagram,Europe/Kiev,openedApp,breathingExercise,6.0
False,1752151431.7292252,instagram,Europe/Kiev,dismissedAppOpening,breathingExercise,6.0
False,1752151691.817855,instagram,Europe/Kiev,openedApp,breathingExercise,6.0
False,1752152199.709897,instagram,Europe/Kiev,openedApp,breathingExercise,6.0
False,1752154020.069984,instagram,Europe/Kiev,dismissedAppOpening,breathingExercise,6.0
False,1752154912.0849628,instagram,Europe/Kiev,openedApp,breathingExercise,6.0
False,1752158281.06699,instagram,Europe/Kiev,openedApp,breathingExercise,6.0
False,1752162871.060266,instagram,Europe/Kiev,openedApp,breathingExercise,6.0
False,1752175259.0630789,instagram,Europe/Kiev,openedApp,breathingExercise,6.0
False,1752210109.8344622,instagram,Europe/Kiev,openedApp,breathingExercise,6.0
False,1752214183.6257029,instagram,Europe/Kiev,openedApp,breathingExercise,6.0
False,1752215781.760598,instagram,Europe/Kiev,openedApp,breathingExercise,6.0
False,1752216719.140023,instagram,Europe/Kiev,openedApp,breathingExercise,6.0
False,1752216952.328804,instagram,Europe/Kiev,openedApp,breathingExercise,6.0
False,1752217270.8199801,instagram,Europe/Kiev,openedApp,breathingExercise,6.0
False,1752217375.293707,instagram,Europe/Kiev,dismissedAppOpening,breathingExercise,6.0
False,1752221644.717519,instagram,Europe/Kiev,openedApp,breathingExercise,6.0
False,1752224288.105912,instagram,Europe/Kiev,openedApp,breathingExercise,6.0
False,1752224396.677485,instagram,Europe/Kiev,dismissedAppOpening,breathingExercise,6.0
False,1752224398.775929,instagram,Europe/Kiev,dismissedAppOpening,breathingExercise,6.0
False,1752224413.2356071,instagram,Europe/Kiev,openedApp,breathingExercise,6.0
False,1752229831.894534,instagram,Europe/Kiev,openedApp,breathingExercise,6.0
False,1752230581.8908339,instagram,Europe/Kiev,dismissedAppOpening,breathingExercise,6.0
False,1752230584.000064,instagram,Europe/Kiev,dismissedAppOpening,breathingExercise,6.0
False,1752237842.05848,instagram,Europe/Kiev,openedApp,breathingExercise,6.0
False,1752238825.599269,instagram,Europe/Kiev,openedApp,breathingExercise,6.0
False,1752240182.740296,instagram,Europe/Kiev,openedApp,breathingExercise,6.0
False,1752240541.231848,instagram,Europe/Kiev,dismissedAppOpening,breathingExercise,6.0
False,1752241290.099999,instagram,Europe/Kiev,openedApp,breathingExercise,6.0
